<?xml version = '1.0' encoding = 'UTF-8'?>
<Diagram class="oracle.dbtools.crest.swingui.logical.DPVLogical" name="Logical" id="CCE3DED7-0F5B-23A5-30BB-7EFD8FB5C460">
<createdBy>razbo</createdBy>
<modifiedBy>razbo</modifiedBy>
<createdTime>2022-10-23 15:46:17 UTC</createdTime>
<autoRoute>false</autoRoute>
<boxInbox>true</boxInbox>
<showLegend>false</showLegend>
<showLabels>true</showLabels>
<showRelAttributes>true</showRelAttributes>
<gridEnabled>false</gridEnabled>
<showGrid>true</showGrid>
<diagramColor>-1</diagramColor>
<display>false</display>
<notation>1</notation>
<showComments>true</showComments>
<showClassificationTypes>true</showClassificationTypes>
<objectViews>
<OView class="oracle.dbtools.crest.swingui.logical.TVEntity" oid="1025505E-6D4B-195C-2E8D-2E433F6FABE9" otype="Entity" vid="7CE0499C-5690-642E-947D-6BF4353DB5F1">
<hideElementsInCurrentOnly>false</hideElementsInCurrentOnly>
<bounds x="423" y="337" width="116" height="124"/>
</OView>
<OView class="oracle.dbtools.crest.swingui.logical.TVEntity" oid="24F68D46-A0FC-E9CA-6965-EA1B17C24D46" otype="Entity" vid="C9B97EF4-4A04-1A51-BE87-7F7E29A66A5C">
<hideElementsInCurrentOnly>false</hideElementsInCurrentOnly>
<bounds x="1351" y="245" width="127" height="146"/>
</OView>
<OView class="oracle.dbtools.crest.swingui.logical.TVEntity" oid="380C6C86-03B1-510C-BB29-321ED73B9B1C" otype="Entity" vid="755FD415-C065-9C57-2197-3A64743E5228">
<hideElementsInCurrentOnly>false</hideElementsInCurrentOnly>
<bounds x="931" y="583" width="139" height="135"/>
</OView>
<OView class="oracle.dbtools.crest.swingui.logical.TVEntity" oid="5091E14C-56F2-EB64-1F5D-A1A92DC30BFE" otype="Entity" vid="C21397F7-7AF0-9EA0-ECDA-983F258A6F73">
<hideElementsInCurrentOnly>false</hideElementsInCurrentOnly>
<bounds x="732" y="266" width="110" height="114"/>
</OView>
<OView class="oracle.dbtools.crest.swingui.logical.TVEntity" oid="5B7DE47A-3F8C-3E05-FECF-B6D3EFDF2D02" otype="Entity" vid="A62ED125-21AD-ABCC-A8EB-7611357DF7D0">
<hideElementsInCurrentOnly>false</hideElementsInCurrentOnly>
<bounds x="1178" y="630" width="157" height="97"/>
</OView>
<OView class="oracle.dbtools.crest.swingui.logical.TVEntity" oid="7EC4AE2E-7BA9-C0CF-EB0C-D18C163A42A9" otype="Entity" vid="D4FC6338-D71E-C294-E035-FEC8454A07A0">
<hideElementsInCurrentOnly>false</hideElementsInCurrentOnly>
<bounds x="89" y="596" width="152" height="117"/>
</OView>
<OView class="oracle.dbtools.crest.swingui.logical.TVEntity" oid="9BFDE282-6745-B8C5-56DE-7783A1055E36" otype="Entity" vid="2E85ACD8-CE26-C47C-0335-9C0E713FA324">
<hideElementsInCurrentOnly>false</hideElementsInCurrentOnly>
<bounds x="1599" y="481" width="81" height="52"/>
</OView>
<OView class="oracle.dbtools.crest.swingui.logical.TVEntity" oid="9CFDAF25-D0B4-12DD-3776-B0BB4C2FEF29" otype="Entity" vid="EF18A18A-8954-9D53-EAA0-B7C31B7F4F2E">
<hideElementsInCurrentOnly>false</hideElementsInCurrentOnly>
<bounds x="631" y="562" width="106" height="70"/>
</OView>
<OView class="oracle.dbtools.crest.swingui.logical.TVEntity" oid="AAC834DD-B566-0332-14D7-CAB77987372A" otype="Entity" vid="4D2495B2-2B6E-AAE6-C6D7-E6159519BAD5">
<hideElementsInCurrentOnly>false</hideElementsInCurrentOnly>
<bounds x="1077" y="404" width="161" height="120"/>
</OView>
<OView class="oracle.dbtools.crest.swingui.logical.TVEntity" oid="AC359B91-2F53-5855-5F7A-278A3834D0B9" otype="Entity" vid="46A892CA-893A-ADB5-D273-56CD5C55F4A8">
<hideElementsInCurrentOnly>false</hideElementsInCurrentOnly>
<bounds x="282" y="513" width="107" height="98"/>
</OView>
<OView class="oracle.dbtools.crest.swingui.logical.TVEntity" oid="B17E6950-EB7C-142C-3B19-B6A4113B7135" otype="Entity" vid="AB641ADE-24DE-B912-2B43-AC071B72F3E4">
<hideElementsInCurrentOnly>false</hideElementsInCurrentOnly>
<bounds x="93" y="7" width="106" height="132"/>
</OView>
<OView class="oracle.dbtools.crest.swingui.logical.TVEntity" oid="B4A71E2F-6D49-864D-099D-6F19965F374C" otype="Entity" vid="88C764D5-9683-E059-80F0-EF1E2BE5208D">
<hideElementsInCurrentOnly>false</hideElementsInCurrentOnly>
<bounds x="877" y="6" width="138" height="107"/>
</OView>
<OView class="oracle.dbtools.crest.swingui.logical.TVEntity" oid="B6BFBD19-3887-66DE-6160-5CFD7A036ED3" otype="Entity" vid="C869675E-B36C-0BDE-1B61-9BAC2D54D97C">
<hideElementsInCurrentOnly>false</hideElementsInCurrentOnly>
<bounds x="1486" y="573" width="165" height="106"/>
</OView>
<OView class="oracle.dbtools.crest.swingui.logical.TVEntity" oid="BF3EDEF1-0743-8F11-2A37-3EA90AA99E74" otype="Entity" vid="8152EEC5-82B0-C2EC-E6EC-635174AFDB7D">
<hideElementsInCurrentOnly>false</hideElementsInCurrentOnly>
<bounds x="33" y="283" width="146" height="156"/>
</OView>
<OView class="oracle.dbtools.crest.swingui.logical.TVEntity" oid="C7F1F2EB-05BF-EC42-0377-7539E318A87F" otype="Entity" vid="8A894113-B4AE-32B2-80D4-E940BA8C3089">
<hideElementsInCurrentOnly>false</hideElementsInCurrentOnly>
<bounds x="563" y="88" width="137" height="124"/>
</OView>
<OView class="oracle.dbtools.crest.swingui.logical.TVEntity" oid="EDC5B98B-05DB-E06C-4D71-C5B238AB231B" otype="Entity" vid="F8AA4F18-5916-0A39-58B0-E55DDB925FD0">
<hideElementsInCurrentOnly>false</hideElementsInCurrentOnly>
<bounds x="1480" y="449" width="210" height="245"/>
</OView>
</objectViews>
<connectors>
<Connector class="oracle.dbtools.crest.swingui.logical.TVRelation" oid="08E0D232-A578-F5A6-7670-BB689964F9B0" otype="Relation" vid_source="C21397F7-7AF0-9EA0-ECDA-983F258A6F73" vid_target="4D2495B2-2B6E-AAE6-C6D7-E6159519BAD5">
<hideElementsInCurrentOnly>false</hideElementsInCurrentOnly>
<backgroundColor>-16777216</backgroundColor>
<lineWidth>1</lineWidth>
<sourceLabel class="oracle.dbtools.crest.model.design.Label">
<site>0</site>
<labelBounds x="852" y="343" width="36" height="30"/>
<noBackgroundColor>true</noBackgroundColor>
<noForegroundColor>true</noForegroundColor>
</sourceLabel>
<targetLabel class="oracle.dbtools.crest.model.design.Label">
<site>2</site>
<labelBounds x="1041" y="433" width="30" height="30"/>
<noBackgroundColor>true</noBackgroundColor>
<noForegroundColor>true</noForegroundColor>
</targetLabel>
<points>
<point x="842" y="343"/>
<point x="1077" y="433"/>
</points>
</Connector>
<Connector class="oracle.dbtools.crest.swingui.logical.TVRelation" oid="11E69B56-1AB2-92E8-A1AA-69EA078FC613" otype="Relation" vid_source="8A894113-B4AE-32B2-80D4-E940BA8C3089" vid_target="88C764D5-9683-E059-80F0-EF1E2BE5208D">
<hideElementsInCurrentOnly>false</hideElementsInCurrentOnly>
<backgroundColor>-16777216</backgroundColor>
<lineWidth>1</lineWidth>
<sourceLabel class="oracle.dbtools.crest.model.design.Label">
<site>0</site>
<labelBounds x="710" y="70" width="30" height="30"/>
<noBackgroundColor>true</noBackgroundColor>
<noForegroundColor>true</noForegroundColor>
</sourceLabel>
<targetLabel class="oracle.dbtools.crest.model.design.Label">
<site>2</site>
<labelBounds x="832" y="103" width="39" height="30"/>
<noBackgroundColor>true</noBackgroundColor>
<noForegroundColor>true</noForegroundColor>
</targetLabel>
<points>
<point x="700" y="100"/>
<point x="877" y="100"/>
</points>
</Connector>
<Connector class="oracle.dbtools.crest.swingui.logical.TVRelation" oid="187B25B6-4248-BBB9-21F5-B8A0B4F05B71" otype="Relation" vid_source="4D2495B2-2B6E-AAE6-C6D7-E6159519BAD5" vid_target="F8AA4F18-5916-0A39-58B0-E55DDB925FD0">
<hideElementsInCurrentOnly>false</hideElementsInCurrentOnly>
<backgroundColor>-16777216</backgroundColor>
<lineWidth>1</lineWidth>
<sourceLabel class="oracle.dbtools.crest.model.design.Label">
<site>0</site>
<labelBounds x="1248" y="486" width="30" height="30"/>
<noBackgroundColor>true</noBackgroundColor>
<noForegroundColor>true</noForegroundColor>
</sourceLabel>
<targetLabel class="oracle.dbtools.crest.model.design.Label">
<site>2</site>
<labelBounds x="1438" y="519" width="36" height="30"/>
<noBackgroundColor>true</noBackgroundColor>
<noForegroundColor>true</noForegroundColor>
</targetLabel>
<points>
<point x="1238" y="516"/>
<point x="1480" y="516"/>
</points>
</Connector>
<Connector class="oracle.dbtools.crest.swingui.logical.TVRelation" oid="1DCA2A11-1A61-5880-8213-69AD52BA6EAB" otype="Relation" vid_source="8152EEC5-82B0-C2EC-E6EC-635174AFDB7D" vid_target="8152EEC5-82B0-C2EC-E6EC-635174AFDB7D">
<hideElementsInCurrentOnly>false</hideElementsInCurrentOnly>
<backgroundColor>-16777216</backgroundColor>
<lineWidth>1</lineWidth>
<points>
<point x="179" y="374"/>
<point x="229" y="374"/>
<point x="229" y="489"/>
<point x="118" y="489"/>
<point x="118" y="439"/>
</points>
</Connector>
<Connector class="oracle.dbtools.crest.swingui.logical.TVRelation" oid="1DE77FE9-C579-4296-F98A-C08ADDF3A4F0" otype="Relation" vid_source="AB641ADE-24DE-B912-2B43-AC071B72F3E4" vid_target="88C764D5-9683-E059-80F0-EF1E2BE5208D">
<hideElementsInCurrentOnly>false</hideElementsInCurrentOnly>
<backgroundColor>-16777216</backgroundColor>
<lineWidth>1</lineWidth>
<points>
<point x="199" y="45"/>
<point x="877" y="45"/>
</points>
</Connector>
<Connector class="oracle.dbtools.crest.swingui.logical.TVInheritanceRelation" oid="2353A086-9ECA-D7E0-FC5D-75B66EF5F36E" otype="Hierarchy relation" vid_source="F8AA4F18-5916-0A39-58B0-E55DDB925FD0" vid_target="2E85ACD8-CE26-C47C-0335-9C0E713FA324">
<hideElementsInCurrentOnly>false</hideElementsInCurrentOnly>
<backgroundColor>-65536</backgroundColor>
<lineWidth>1</lineWidth>
</Connector>
<Connector class="oracle.dbtools.crest.swingui.logical.TVRelation" oid="299F7584-6657-AB4C-B013-D8C28AC72BA6" otype="Relation" vid_source="46A892CA-893A-ADB5-D273-56CD5C55F4A8" vid_target="8152EEC5-82B0-C2EC-E6EC-635174AFDB7D">
<hideElementsInCurrentOnly>false</hideElementsInCurrentOnly>
<backgroundColor>-16777216</backgroundColor>
<lineWidth>1</lineWidth>
<points>
<point x="282" y="515"/>
<point x="164" y="439"/>
</points>
</Connector>
<Connector class="oracle.dbtools.crest.swingui.logical.TVRelation" oid="2C29B580-6632-8488-4CAD-F1DCA0E14666" otype="Relation" vid_source="8A894113-B4AE-32B2-80D4-E940BA8C3089" vid_target="7CE0499C-5690-642E-947D-6BF4353DB5F1">
<hideElementsInCurrentOnly>false</hideElementsInCurrentOnly>
<backgroundColor>-16777216</backgroundColor>
<lineWidth>1</lineWidth>
<sourceLabel class="oracle.dbtools.crest.model.design.Label">
<site>0</site>
<labelBounds x="594" y="248" width="30" height="30"/>
<noBackgroundColor>true</noBackgroundColor>
<noForegroundColor>true</noForegroundColor>
</sourceLabel>
<targetLabel class="oracle.dbtools.crest.model.design.Label">
<site>2</site>
<labelBounds x="518" y="301" width="36" height="30"/>
<noBackgroundColor>true</noBackgroundColor>
<noForegroundColor>true</noForegroundColor>
</targetLabel>
<points>
<point x="594" y="212"/>
<point x="518" y="337"/>
</points>
</Connector>
<Connector class="oracle.dbtools.crest.swingui.logical.TVRelation" oid="337EA408-304F-AE37-631E-CAB47813E971" otype="Relation" vid_source="8152EEC5-82B0-C2EC-E6EC-635174AFDB7D" vid_target="755FD415-C065-9C57-2197-3A64743E5228">
<hideElementsInCurrentOnly>false</hideElementsInCurrentOnly>
<backgroundColor>-16777216</backgroundColor>
<lineWidth>1</lineWidth>
<sourceLabel class="oracle.dbtools.crest.model.design.Label">
<site>0</site>
<labelBounds x="189" y="384" width="44" height="30"/>
<noBackgroundColor>true</noBackgroundColor>
<noForegroundColor>true</noForegroundColor>
</sourceLabel>
<targetLabel class="oracle.dbtools.crest.model.design.Label">
<site>2</site>
<labelBounds x="867" y="688" width="58" height="30"/>
<noBackgroundColor>true</noBackgroundColor>
<noForegroundColor>true</noForegroundColor>
</targetLabel>
<points>
<point x="179" y="384"/>
<point x="931" y="688"/>
</points>
</Connector>
<Connector class="oracle.dbtools.crest.swingui.logical.TVRelation" oid="3AAB583C-DB6B-A012-0376-C946567A5D0B" otype="Relation" vid_source="7CE0499C-5690-642E-947D-6BF4353DB5F1" vid_target="EF18A18A-8954-9D53-EAA0-B7C31B7F4F2E">
<hideElementsInCurrentOnly>false</hideElementsInCurrentOnly>
<backgroundColor>-16777216</backgroundColor>
<lineWidth>1</lineWidth>
<sourceLabel class="oracle.dbtools.crest.model.design.Label">
<site>0</site>
<labelBounds x="549" y="455" width="30" height="30"/>
<noBackgroundColor>true</noBackgroundColor>
<noForegroundColor>true</noForegroundColor>
</sourceLabel>
<targetLabel class="oracle.dbtools.crest.model.design.Label">
<site>2</site>
<labelBounds x="648" y="526" width="36" height="30"/>
<noBackgroundColor>true</noBackgroundColor>
<noForegroundColor>true</noForegroundColor>
</targetLabel>
<points>
<point x="539" y="455"/>
<point x="648" y="562"/>
</points>
</Connector>
<Connector class="oracle.dbtools.crest.swingui.logical.TVRelation" oid="3ABE5479-AB9A-7BDD-FC77-0AEF526E24FE" otype="Relation" vid_source="C21397F7-7AF0-9EA0-ECDA-983F258A6F73" vid_target="7CE0499C-5690-642E-947D-6BF4353DB5F1">
<hideElementsInCurrentOnly>false</hideElementsInCurrentOnly>
<backgroundColor>-16777216</backgroundColor>
<lineWidth>1</lineWidth>
<sourceLabel class="oracle.dbtools.crest.model.design.Label">
<site>0</site>
<labelBounds x="690" y="328" width="36" height="30"/>
<noBackgroundColor>true</noBackgroundColor>
<noForegroundColor>true</noForegroundColor>
</sourceLabel>
<targetLabel class="oracle.dbtools.crest.model.design.Label">
<site>2</site>
<labelBounds x="549" y="361" width="30" height="30"/>
<noBackgroundColor>true</noBackgroundColor>
<noForegroundColor>true</noForegroundColor>
</targetLabel>
<points>
<point x="732" y="358"/>
<point x="539" y="358"/>
</points>
</Connector>
<Connector class="oracle.dbtools.crest.swingui.logical.TVRelation" oid="3AD819A1-C1EF-F714-1676-B0C707712F66" otype="Relation" vid_source="C21397F7-7AF0-9EA0-ECDA-983F258A6F73" vid_target="88C764D5-9683-E059-80F0-EF1E2BE5208D">
<hideElementsInCurrentOnly>false</hideElementsInCurrentOnly>
<backgroundColor>-16777216</backgroundColor>
<lineWidth>1</lineWidth>
<sourceLabel class="oracle.dbtools.crest.model.design.Label">
<site>0</site>
<labelBounds x="821" y="230" width="36" height="30"/>
<noBackgroundColor>true</noBackgroundColor>
<noForegroundColor>true</noForegroundColor>
</sourceLabel>
<targetLabel class="oracle.dbtools.crest.model.design.Label">
<site>2</site>
<labelBounds x="928" y="149" width="30" height="30"/>
<noBackgroundColor>true</noBackgroundColor>
<noForegroundColor>true</noForegroundColor>
</targetLabel>
<points>
<point x="821" y="266"/>
<point x="928" y="113"/>
</points>
</Connector>
<Connector class="oracle.dbtools.crest.swingui.logical.TVRelation" oid="3B1D5BDF-6B62-E14B-BE65-0435DBE6B0EA" otype="Relation" vid_source="C21397F7-7AF0-9EA0-ECDA-983F258A6F73" vid_target="C9B97EF4-4A04-1A51-BE87-7F7E29A66A5C">
<hideElementsInCurrentOnly>false</hideElementsInCurrentOnly>
<backgroundColor>-16777216</backgroundColor>
<lineWidth>1</lineWidth>
<sourceLabel class="oracle.dbtools.crest.model.design.Label">
<site>0</site>
<labelBounds x="852" y="293" width="36" height="30"/>
<noBackgroundColor>true</noBackgroundColor>
<noForegroundColor>true</noForegroundColor>
</sourceLabel>
<targetLabel class="oracle.dbtools.crest.model.design.Label">
<site>2</site>
<labelBounds x="1315" y="326" width="30" height="30"/>
<noBackgroundColor>true</noBackgroundColor>
<noForegroundColor>true</noForegroundColor>
</targetLabel>
<points>
<point x="842" y="323"/>
<point x="1351" y="323"/>
</points>
</Connector>
<Connector class="oracle.dbtools.crest.swingui.logical.TVRelation" oid="3E7BE679-F787-DDD4-3B89-7F749394C361" otype="Relation" vid_source="8A894113-B4AE-32B2-80D4-E940BA8C3089" vid_target="755FD415-C065-9C57-2197-3A64743E5228">
<hideElementsInCurrentOnly>false</hideElementsInCurrentOnly>
<backgroundColor>-16777216</backgroundColor>
<lineWidth>1</lineWidth>
<sourceLabel class="oracle.dbtools.crest.model.design.Label">
<site>0</site>
<labelBounds x="677" y="248" width="30" height="30"/>
<noBackgroundColor>true</noBackgroundColor>
<noForegroundColor>true</noForegroundColor>
</sourceLabel>
<targetLabel class="oracle.dbtools.crest.model.design.Label">
<site>2</site>
<labelBounds x="950" y="547" width="36" height="30"/>
<noBackgroundColor>true</noBackgroundColor>
<noForegroundColor>true</noForegroundColor>
</targetLabel>
<points>
<point x="677" y="212"/>
<point x="950" y="583"/>
</points>
</Connector>
<Connector class="oracle.dbtools.crest.swingui.logical.TVRelation" oid="3FEF4F5A-A7AC-702F-FC66-FD1D9D8BDC88" otype="Relation" vid_source="755FD415-C065-9C57-2197-3A64743E5228" vid_target="EF18A18A-8954-9D53-EAA0-B7C31B7F4F2E">
<hideElementsInCurrentOnly>false</hideElementsInCurrentOnly>
<backgroundColor>-16777216</backgroundColor>
<lineWidth>1</lineWidth>
<sourceLabel class="oracle.dbtools.crest.model.design.Label">
<site>0</site>
<labelBounds x="880" y="597" width="45" height="30"/>
<noBackgroundColor>true</noBackgroundColor>
<noForegroundColor>true</noForegroundColor>
</sourceLabel>
<targetLabel class="oracle.dbtools.crest.model.design.Label">
<site>2</site>
<labelBounds x="786" y="630" width="37" height="30"/>
<noBackgroundColor>true</noBackgroundColor>
<noForegroundColor>true</noForegroundColor>
</targetLabel>
<points>
<point x="931" y="627"/>
<point x="737" y="627"/>
</points>
</Connector>
<Connector class="oracle.dbtools.crest.swingui.logical.TVRelation" oid="6DDF393A-1FDB-561F-3A18-DD285EDD704B" otype="Relation" vid_source="C21397F7-7AF0-9EA0-ECDA-983F258A6F73" vid_target="8152EEC5-82B0-C2EC-E6EC-635174AFDB7D">
<hideElementsInCurrentOnly>false</hideElementsInCurrentOnly>
<backgroundColor>-16777216</backgroundColor>
<lineWidth>1</lineWidth>
<sourceLabel class="oracle.dbtools.crest.model.design.Label">
<site>0</site>
<labelBounds x="667" y="296" width="59" height="20"/>
<noBackgroundColor>true</noBackgroundColor>
<noForegroundColor>true</noForegroundColor>
</sourceLabel>
<targetLabel class="oracle.dbtools.crest.model.design.Label">
<site>2</site>
<labelBounds x="189" y="319" width="31" height="30"/>
<noBackgroundColor>true</noBackgroundColor>
<noForegroundColor>true</noForegroundColor>
</targetLabel>
<points>
<point x="732" y="316"/>
<point x="179" y="316"/>
</points>
</Connector>
<Connector class="oracle.dbtools.crest.swingui.logical.TVRelation" oid="72109C51-77AA-A398-6019-022AB0492DE0" otype="Relation" vid_source="AB641ADE-24DE-B912-2B43-AC071B72F3E4" vid_target="8152EEC5-82B0-C2EC-E6EC-635174AFDB7D">
<hideElementsInCurrentOnly>false</hideElementsInCurrentOnly>
<backgroundColor>-16777216</backgroundColor>
<lineWidth>1</lineWidth>
<points>
<point x="136" y="139"/>
<point x="136" y="283"/>
</points>
</Connector>
<Connector class="oracle.dbtools.crest.swingui.logical.TVRelation" oid="875341B0-23DA-4F99-647B-CF8660F0EFE1" otype="Relation" vid_source="8152EEC5-82B0-C2EC-E6EC-635174AFDB7D" vid_target="7CE0499C-5690-642E-947D-6BF4353DB5F1">
<hideElementsInCurrentOnly>false</hideElementsInCurrentOnly>
<backgroundColor>-16777216</backgroundColor>
<lineWidth>1</lineWidth>
<points>
<point x="179" y="403"/>
<point x="423" y="403"/>
</points>
</Connector>
<Connector class="oracle.dbtools.crest.swingui.logical.TVRelation" oid="8BE44793-3830-5242-A69B-344A41549714" otype="Relation" vid_source="755FD415-C065-9C57-2197-3A64743E5228" vid_target="D4FC6338-D71E-C294-E035-FEC8454A07A0">
<hideElementsInCurrentOnly>false</hideElementsInCurrentOnly>
<backgroundColor>-16777216</backgroundColor>
<lineWidth>1</lineWidth>
<points>
<point x="931" y="669"/>
<point x="241" y="669"/>
</points>
</Connector>
<Connector class="oracle.dbtools.crest.swingui.logical.TVRelation" oid="99530323-0D81-5EAC-7EB0-0F07D92FD01F" otype="Relation" vid_source="755FD415-C065-9C57-2197-3A64743E5228" vid_target="4D2495B2-2B6E-AAE6-C6D7-E6159519BAD5">
<hideElementsInCurrentOnly>false</hideElementsInCurrentOnly>
<backgroundColor>-16777216</backgroundColor>
<lineWidth>1</lineWidth>
<points>
<point x="1057" y="583"/>
<point x="1121" y="524"/>
</points>
</Connector>
<Connector class="oracle.dbtools.crest.swingui.logical.TVRelation" oid="9D0F3F27-847B-BA44-CAF3-2C4902B6888E" otype="Relation" vid_source="4D2495B2-2B6E-AAE6-C6D7-E6159519BAD5" vid_target="C9B97EF4-4A04-1A51-BE87-7F7E29A66A5C">
<hideElementsInCurrentOnly>false</hideElementsInCurrentOnly>
<backgroundColor>-16777216</backgroundColor>
<lineWidth>1</lineWidth>
<sourceLabel class="oracle.dbtools.crest.model.design.Label">
<site>0</site>
<labelBounds x="1248" y="418" width="30" height="30"/>
<noBackgroundColor>true</noBackgroundColor>
<noForegroundColor>true</noForegroundColor>
</sourceLabel>
<targetLabel class="oracle.dbtools.crest.model.design.Label">
<site>2</site>
<labelBounds x="1309" y="354" width="36" height="30"/>
<noBackgroundColor>true</noBackgroundColor>
<noForegroundColor>true</noForegroundColor>
</targetLabel>
<points>
<point x="1238" y="418"/>
<point x="1351" y="354"/>
</points>
</Connector>
<Connector class="oracle.dbtools.crest.swingui.logical.TVInheritanceRelation" oid="9E2C08DA-565E-ECCD-4E44-7AD3F1FA70B9" otype="Hierarchy relation" vid_source="F8AA4F18-5916-0A39-58B0-E55DDB925FD0" vid_target="C869675E-B36C-0BDE-1B61-9BAC2D54D97C">
<hideElementsInCurrentOnly>false</hideElementsInCurrentOnly>
<backgroundColor>-65536</backgroundColor>
<lineWidth>1</lineWidth>
</Connector>
<Connector class="oracle.dbtools.crest.swingui.logical.TVRelation" oid="AAA07851-19E2-55D4-D1D5-0A02FEE8529C" otype="Relation" vid_source="C21397F7-7AF0-9EA0-ECDA-983F258A6F73" vid_target="EF18A18A-8954-9D53-EAA0-B7C31B7F4F2E">
<hideElementsInCurrentOnly>false</hideElementsInCurrentOnly>
<backgroundColor>-16777216</backgroundColor>
<lineWidth>1</lineWidth>
<sourceLabel class="oracle.dbtools.crest.model.design.Label">
<site>0</site>
<labelBounds x="734" y="488" width="36" height="30"/>
<noBackgroundColor>true</noBackgroundColor>
<noForegroundColor>true</noForegroundColor>
</sourceLabel>
<targetLabel class="oracle.dbtools.crest.model.design.Label">
<site>2</site>
<labelBounds x="734" y="494" width="30" height="30"/>
<noBackgroundColor>true</noBackgroundColor>
<noForegroundColor>true</noForegroundColor>
</targetLabel>
<points>
<point x="734" y="380"/>
<point x="734" y="562"/>
</points>
</Connector>
<Connector class="oracle.dbtools.crest.swingui.logical.TVRelation" oid="AAF01008-0C28-5755-D0F3-9C5443115D51" otype="Relation" vid_source="7CE0499C-5690-642E-947D-6BF4353DB5F1" vid_target="8152EEC5-82B0-C2EC-E6EC-635174AFDB7D">
<hideElementsInCurrentOnly>false</hideElementsInCurrentOnly>
<backgroundColor>-16777216</backgroundColor>
<lineWidth>1</lineWidth>
<points>
<point x="423" y="373"/>
<point x="179" y="373"/>
</points>
</Connector>
<Connector class="oracle.dbtools.crest.swingui.logical.TVRelation" oid="B21C59BA-31BC-A2E8-14C0-9C7408CBE789" otype="Relation" vid_source="4D2495B2-2B6E-AAE6-C6D7-E6159519BAD5" vid_target="A62ED125-21AD-ABCC-A8EB-7611357DF7D0">
<hideElementsInCurrentOnly>false</hideElementsInCurrentOnly>
<backgroundColor>-16777216</backgroundColor>
<lineWidth>1</lineWidth>
<sourceLabel class="oracle.dbtools.crest.model.design.Label">
<site>0</site>
<labelBounds x="1208" y="648" width="30" height="30"/>
<noBackgroundColor>true</noBackgroundColor>
<noForegroundColor>true</noForegroundColor>
</sourceLabel>
<targetLabel class="oracle.dbtools.crest.model.design.Label">
<site>2</site>
<labelBounds x="1208" y="582" width="37" height="34"/>
<noBackgroundColor>true</noBackgroundColor>
<noForegroundColor>true</noForegroundColor>
</targetLabel>
<points>
<point x="1208" y="524"/>
<point x="1208" y="630"/>
</points>
</Connector>
<Connector class="oracle.dbtools.crest.swingui.logical.TVRelation" oid="B72EDCDA-D777-90D8-7E64-49A1876D88C5" otype="Relation" vid_source="8A894113-B4AE-32B2-80D4-E940BA8C3089" vid_target="8152EEC5-82B0-C2EC-E6EC-635174AFDB7D">
<hideElementsInCurrentOnly>false</hideElementsInCurrentOnly>
<backgroundColor>-16777216</backgroundColor>
<lineWidth>1</lineWidth>
<sourceLabel class="oracle.dbtools.crest.model.design.Label">
<site>0</site>
<labelBounds x="527" y="177" width="30" height="30"/>
<noBackgroundColor>true</noBackgroundColor>
<noForegroundColor>true</noForegroundColor>
</sourceLabel>
<targetLabel class="oracle.dbtools.crest.model.design.Label">
<site>2</site>
<labelBounds x="189" y="346" width="66" height="30"/>
<noBackgroundColor>true</noBackgroundColor>
<noForegroundColor>true</noForegroundColor>
</targetLabel>
<points>
<point x="563" y="177"/>
<point x="179" y="346"/>
</points>
</Connector>
<Connector class="oracle.dbtools.crest.swingui.logical.TVRelation" oid="E121F511-85CF-6A96-D84D-94B2A9566FDD" otype="Relation" vid_source="AB641ADE-24DE-B912-2B43-AC071B72F3E4" vid_target="7CE0499C-5690-642E-947D-6BF4353DB5F1">
<hideElementsInCurrentOnly>false</hideElementsInCurrentOnly>
<backgroundColor>-16777216</backgroundColor>
<lineWidth>1</lineWidth>
<points>
<point x="199" y="124"/>
<point x="438" y="337"/>
</points>
</Connector>
<Connector class="oracle.dbtools.crest.swingui.logical.TVRelation" oid="EABA136B-20EC-3DFA-2711-0B4CB6C1A48D" otype="Relation" vid_source="AB641ADE-24DE-B912-2B43-AC071B72F3E4" vid_target="755FD415-C065-9C57-2197-3A64743E5228">
<hideElementsInCurrentOnly>false</hideElementsInCurrentOnly>
<backgroundColor>-16777216</backgroundColor>
<lineWidth>1</lineWidth>
<points>
<point x="199" y="108"/>
<point x="961" y="583"/>
</points>
</Connector>
<Connector class="oracle.dbtools.crest.swingui.logical.TVRelation" oid="FED0119C-C6D8-7737-F5F9-879A6641AEE2" otype="Relation" vid_source="8A894113-B4AE-32B2-80D4-E940BA8C3089" vid_target="4D2495B2-2B6E-AAE6-C6D7-E6159519BAD5">
<hideElementsInCurrentOnly>false</hideElementsInCurrentOnly>
<backgroundColor>-16777216</backgroundColor>
<lineWidth>1</lineWidth>
<sourceLabel class="oracle.dbtools.crest.model.design.Label">
<site>0</site>
<labelBounds x="710" y="190" width="33" height="47"/>
<noBackgroundColor>true</noBackgroundColor>
<noForegroundColor>true</noForegroundColor>
</sourceLabel>
<targetLabel class="oracle.dbtools.crest.model.design.Label">
<site>2</site>
<labelBounds x="1035" y="415" width="36" height="30"/>
<noBackgroundColor>true</noBackgroundColor>
<noForegroundColor>true</noForegroundColor>
</targetLabel>
<points>
<point x="700" y="190"/>
<point x="1077" y="415"/>
</points>
</Connector>
<Connector class="oracle.dbtools.crest.swingui.logical.TVRelation" oid="FED8B9C5-FBCA-2A14-00FB-C5412913E32D" otype="Relation" vid_source="8152EEC5-82B0-C2EC-E6EC-635174AFDB7D" vid_target="D4FC6338-D71E-C294-E035-FEC8454A07A0">
<hideElementsInCurrentOnly>false</hideElementsInCurrentOnly>
<backgroundColor>-16777216</backgroundColor>
<lineWidth>1</lineWidth>
<points>
<point x="149" y="439"/>
<point x="149" y="596"/>
</points>
</Connector>
</connectors>
</Diagram>
