<?xml version = '1.0' encoding = 'UTF-8'?>
<Relation class="oracle.dbtools.crest.model.design.logical.Relation" name="ZAMESTNANEC PRACE POZICE FK" directorySegmentName="seg_0" id="299F7584-6657-AB4C-B013-D8C28AC72BA6">
<createdBy>razbo</createdBy>
<createdTime>2023-11-02 17:19:19 UTC</createdTime>
<ownerDesignName>semPraceDataBase</ownerDesignName>
<engineerTo>
<item key="44584E67-266B-A7F3-8EBA-3830F0BA47A2" value="true"/>
</engineerTo>
<sourcePk>8F1DD0D0-6333-3E1B-A171-2B8EEDF1B72F</sourcePk>
<identifying>false</identifying>
<optionalSource>true</optionalSource>
<optionalTarget>false</optionalTarget>
<sourceCardinality>1</sourceCardinality>
<sourceEntity>AC359B91-2F53-5855-5F7A-278A3834D0B9</sourceEntity>
<targetCardinalityString>*</targetCardinalityString>
<targetEntity>BF3EDEF1-0743-8F11-2A37-3EA90AA99E74</targetEntity>
<transferable>true</transferable>
<deleteRule>NO ACTION</deleteRule>
</Relation>
