<?xml version = '1.0' encoding = 'UTF-8'?>
<Relation class="oracle.dbtools.crest.model.design.logical.Relation" name="SCHUZKA POBOCKA FK" directorySegmentName="seg_0" id="3AAB583C-DB6B-A012-0376-C946567A5D0B">
<createdBy>razbo</createdBy>
<createdTime>2022-11-20 21:52:46 UTC</createdTime>
<ownerDesignName>semPraceDataBase</ownerDesignName>
<engineerTo>
<item key="44584E67-266B-A7F3-8EBA-3830F0BA47A2" value="true"/>
</engineerTo>
<sourcePk>4F654F15-8199-2A8F-6C56-363B8C5430B6</sourcePk>
<identifying>false</identifying>
<nameOnSource>ma</nameOnSource>
<nameOnTarget>patri</nameOnTarget>
<optionalSource>true</optionalSource>
<optionalTarget>false</optionalTarget>
<sourceCardinality>1</sourceCardinality>
<sourceEntity>1025505E-6D4B-195C-2E8D-2E433F6FABE9</sourceEntity>
<targetCardinalityString>*</targetCardinalityString>
<targetEntity>9CFDAF25-D0B4-12DD-3776-B0BB4C2FEF29</targetEntity>
<transferable>true</transferable>
<deleteRule>NO ACTION</deleteRule>
</Relation>
