<?xml version = '1.0' encoding = 'UTF-8'?>
<Relation class="oracle.dbtools.crest.model.design.logical.Relation" name="Klient Bank FK" directorySegmentName="seg_0" id="3E7BE679-F787-DDD4-3B89-7F749394C361">
<createdBy>razbo</createdBy>
<createdTime>2022-11-12 14:59:38 UTC</createdTime>
<ownerDesignName>semPraceDataBase</ownerDesignName>
<engineerTo>
<item key="44584E67-266B-A7F3-8EBA-3830F0BA47A2" value="true"/>
</engineerTo>
<sourcePk>A1F65F9C-7F81-8D21-E977-D6D83EF8DDAF</sourcePk>
<identifying>false</identifying>
<nameOnSource>ma</nameOnSource>
<nameOnTarget>patri</nameOnTarget>
<optionalSource>true</optionalSource>
<optionalTarget>false</optionalTarget>
<sourceCardinality>1</sourceCardinality>
<sourceEntity>C7F1F2EB-05BF-EC42-0377-7539E318A87F</sourceEntity>
<targetCardinalityString>*</targetCardinalityString>
<targetEntity>380C6C86-03B1-510C-BB29-321ED73B9B1C</targetEntity>
<transferable>true</transferable>
<deleteRule>NO ACTION</deleteRule>
</Relation>
