<?xml version = '1.0' encoding = 'UTF-8'?>
<Relation class="oracle.dbtools.crest.model.design.logical.Relation" name="KLIENT_SCHUZKA" directorySegmentName="seg_0" id="3FEF4F5A-A7AC-702F-FC66-FD1D9D8BDC88">
<createdBy>razbo</createdBy>
<createdTime>2022-11-20 21:55:54 UTC</createdTime>
<ownerDesignName>semPraceDataBase</ownerDesignName>
<engineerTo>
<item key="A76BF201-9F90-82F8-E936-E67C43A3A1AD" value="true"/>
</engineerTo>
<identifying>false</identifying>
<nameOnSource>chodit</nameOnSource>
<nameOnTarget>ceka</nameOnTarget>
<optionalSource>true</optionalSource>
<optionalTarget>false</optionalTarget>
<sourceCardinality>*</sourceCardinality>
<sourceEntity>380C6C86-03B1-510C-BB29-321ED73B9B1C</sourceEntity>
<targetCardinalityString>*</targetCardinalityString>
<targetEntity>9CFDAF25-D0B4-12DD-3776-B0BB4C2FEF29</targetEntity>
<transferable>true</transferable>
<deleteRule>NO ACTION</deleteRule>
</Relation>