<?xml version = '1.0' encoding = 'UTF-8'?>
<Relation class="oracle.dbtools.crest.model.design.logical.Relation" name="ZAMESTNANEC STATUS FK" directorySegmentName="seg_0" id="6DDF393A-1FDB-561F-3A18-DD285EDD704B">
<createdBy>razbo</createdBy>
<createdTime>2022-11-23 21:15:50 UTC</createdTime>
<ownerDesignName>semPraceDataBase</ownerDesignName>
<engineerTo>
<item key="44584E67-266B-A7F3-8EBA-3830F0BA47A2" value="true"/>
</engineerTo>
<sourcePk>8F917EFD-DD49-7EAB-1E04-BC05EAAF745C</sourcePk>
<identifying>false</identifying>
<nameOnSource>patri</nameOnSource>
<nameOnTarget>ma</nameOnTarget>
<optionalSource>true</optionalSource>
<optionalTarget>false</optionalTarget>
<sourceCardinality>1</sourceCardinality>
<sourceEntity>5091E14C-56F2-EB64-1F5D-A1A92DC30BFE</sourceEntity>
<targetCardinalityString>*</targetCardinalityString>
<targetEntity>BF3EDEF1-0743-8F11-2A37-3EA90AA99E74</targetEntity>
<transferable>true</transferable>
<deleteRule>NO ACTION</deleteRule>
</Relation>
