<?xml version = '1.0' encoding = 'UTF-8'?>
<Relation class="oracle.dbtools.crest.model.design.logical.Relation" name="POBOCKA ZAMESTNANEC FK" directorySegmentName="seg_0" id="875341B0-23DA-4F99-647B-CF8660F0EFE1">
<createdBy>razbo</createdBy>
<createdTime>2023-11-02 17:14:51 UTC</createdTime>
<ownerDesignName>semPraceDataBase</ownerDesignName>
<engineerTo>
<item key="44584E67-266B-A7F3-8EBA-3830F0BA47A2" value="true"/>
</engineerTo>
<sourcePk>7EF54A53-4F81-0429-10BA-9DC3A7EEE328</sourcePk>
<identifying>false</identifying>
<optionalSource>true</optionalSource>
<optionalTarget>false</optionalTarget>
<sourceCardinality>1</sourceCardinality>
<sourceEntity>BF3EDEF1-0743-8F11-2A37-3EA90AA99E74</sourceEntity>
<targetCardinalityString>*</targetCardinalityString>
<targetEntity>1025505E-6D4B-195C-2E8D-2E433F6FABE9</targetEntity>
<transferable>true</transferable>
<deleteRule>NO ACTION</deleteRule>
</Relation>
