<?xml version = '1.0' encoding = 'UTF-8'?>
<Relation class="oracle.dbtools.crest.model.design.logical.Relation" name="LOGIN Klient FK" directorySegmentName="seg_0" id="8BE44793-3830-5242-A69B-344A41549714">
<createdBy>Relaiz</createdBy>
<createdTime>2023-11-05 15:34:15 UTC</createdTime>
<ownerDesignName>semPraceDataBase</ownerDesignName>
<engineerTo>
<item key="44584E67-266B-A7F3-8EBA-3830F0BA47A2" value="true"/>
</engineerTo>
<sourcePk>061DB3B5-3976-F274-B14D-0E62EBD6867F</sourcePk>
<identifying>false</identifying>
<optionalSource>true</optionalSource>
<optionalTarget>false</optionalTarget>
<sourceCardinality>1</sourceCardinality>
<sourceEntity>380C6C86-03B1-510C-BB29-321ED73B9B1C</sourceEntity>
<targetCardinalityString>1</targetCardinalityString>
<targetEntity>7EC4AE2E-7BA9-C0CF-EB0C-D18C163A42A9</targetEntity>
<transferable>true</transferable>
<deleteRule>NO ACTION</deleteRule>
</Relation>
