<?xml version = '1.0' encoding = 'UTF-8'?>
<Relation class="oracle.dbtools.crest.model.design.logical.Relation" name="OPERACE UCET FK" directorySegmentName="seg_0" id="9D0F3F27-847B-BA44-CAF3-2C4902B6888E">
<createdBy>razbo</createdBy>
<createdTime>2022-11-14 09:27:36 UTC</createdTime>
<ownerDesignName>semPraceDataBase</ownerDesignName>
<engineerTo>
<item key="44584E67-266B-A7F3-8EBA-3830F0BA47A2" value="true"/>
</engineerTo>
<sourcePk>D3BA8E46-0E18-07C1-86DE-04FEFAE92F43</sourcePk>
<identifying>false</identifying>
<nameOnSource>ma</nameOnSource>
<nameOnTarget>patri</nameOnTarget>
<optionalSource>true</optionalSource>
<optionalTarget>false</optionalTarget>
<sourceCardinality>1</sourceCardinality>
<sourceEntity>AAC834DD-B566-0332-14D7-CAB77987372A</sourceEntity>
<targetCardinalityString>*</targetCardinalityString>
<targetEntity>24F68D46-A0FC-E9CA-6965-EA1B17C24D46</targetEntity>
<transferable>true</transferable>
<deleteRule>NO ACTION</deleteRule>
</Relation>
