<?xml version = '1.0' encoding = 'UTF-8'?>
<Relation class="oracle.dbtools.crest.model.design.logical.Relation" name="Zustatek UCET FK" directorySegmentName="seg_0" id="B21C59BA-31BC-A2E8-14C0-9C7408CBE789">
<createdBy>razbo</createdBy>
<createdTime>2022-11-23 21:35:12 UTC</createdTime>
<ownerDesignName>semPraceDataBase</ownerDesignName>
<engineerTo>
<item key="44584E67-266B-A7F3-8EBA-3830F0BA47A2" value="true"/>
</engineerTo>
<sourcePk>D3BA8E46-0E18-07C1-86DE-04FEFAE92F43</sourcePk>
<identifying>false</identifying>
<nameOnSource>ma</nameOnSource>
<nameOnTarget>patri</nameOnTarget>
<optionalSource>true</optionalSource>
<optionalTarget>false</optionalTarget>
<sourceCardinality>1</sourceCardinality>
<sourceEntity>AAC834DD-B566-0332-14D7-CAB77987372A</sourceEntity>
<targetCardinalityString>*</targetCardinalityString>
<targetEntity>5B7DE47A-3F8C-3E05-FECF-B6D3EFDF2D02</targetEntity>
<transferable>true</transferable>
<deleteRule>NO ACTION</deleteRule>
</Relation>
