<?xml version = '1.0' encoding = 'UTF-8'?>
<FKArc class="oracle.dbtools.crest.model.design.relational.FKArc" directorySegmentName="seg_0" id="CBD39CBC-4EBC-491A-521E-0968DDA17796" name="FKArc_1">
<createdBy>razbo</createdBy>
<createdTime>2022-12-05 20:20:59 UTC</createdTime>
<ownerDesignName>semPraceDataBase</ownerDesignName>
<mandatory>false</mandatory>
<reverseArc>true</reverseArc>
<table>5560E146-CC0D-6B47-2B31-9B89B2F9556C</table>
<discriminatorColumn>599A9A0F-87F8-4770-FB67-889D18A96526</discriminatorColumn>
<fkeys>
<fkeyID>7EF98C10-E44E-0C08-D23B-3CF15FADEFC7</fkeyID>
<fkeyID>B8530772-3AC8-2A87-7752-0AE37F47E83D</fkeyID>
</fkeys>
</FKArc>