<?xml version = '1.0' encoding = 'UTF-8'?>
<Entity class="oracle.dbtools.crest.model.design.logical.Entity" directorySegmentName="seg_0" id="BF3EDEF1-0743-8F11-2A37-3EA90AA99E74" name="ZAMESTNANEC">
<createdBy>razbo</createdBy>
<createdTime>2022-10-23 16:07:11 UTC</createdTime>
<ownerDesignName>semPraceDataBase</ownerDesignName>
<engineerTo>
<item key="44584E67-266B-A7F3-8EBA-3830F0BA47A2" value="true"/>
</engineerTo>
<adequatelyNormalized>NO</adequatelyNormalized>
<expectedVolumes>0</expectedVolumes>
<fwdEngineeringStrategyName>Single Table</fwdEngineeringStrategyName>
<growthPercent>0</growthPercent>
<growthType>Year</growthType>
<maxVolumes>9999999</maxVolumes>
<minVolumes>0</minVolumes>
<normalForm>Third</normalForm>
<attributes itemClass="oracle.dbtools.crest.model.design.logical.Attribute">
<Attribute name="id zamestnanec" id="8C93F709-BA40-5F61-2F81-243B7BAC8762">
<createdBy>razbo</createdBy>
<createdTime>2022-11-06 15:34:50 UTC</createdTime>
<ownerDesignName>semPraceDataBase</ownerDesignName>
<engineerTo>
<item key="44584E67-266B-A7F3-8EBA-3830F0BA47A2" value="true"/>
</engineerTo>
<useDomainConstraints>false</useDomainConstraints>
<use>1</use>
<logicalDatatype>LOGDT019</logicalDatatype>
<ownDataTypeParameters>,,</ownDataTypeParameters>
</Attribute>
<Attribute name="jmeno" id="FB893DD2-69FF-BCDE-E8B0-FC2304C45BA9">
<createdBy>razbo</createdBy>
<createdTime>2022-11-06 15:35:21 UTC</createdTime>
<ownerDesignName>semPraceDataBase</ownerDesignName>
<engineerTo>
<item key="44584E67-266B-A7F3-8EBA-3830F0BA47A2" value="true"/>
</engineerTo>
<useDomainConstraints>false</useDomainConstraints>
<use>1</use>
<logicalDatatype>LOGDT024</logicalDatatype>
<dataTypeSize>32</dataTypeSize>
<ownDataTypeParameters>32,,</ownDataTypeParameters>
</Attribute>
<Attribute name="prijmeni" id="A3DE6E4D-7840-BB6F-3F16-A68625B26370">
<createdBy>razbo</createdBy>
<createdTime>2022-11-06 15:38:24 UTC</createdTime>
<ownerDesignName>semPraceDataBase</ownerDesignName>
<engineerTo>
<item key="44584E67-266B-A7F3-8EBA-3830F0BA47A2" value="true"/>
</engineerTo>
<useDomainConstraints>false</useDomainConstraints>
<use>1</use>
<logicalDatatype>LOGDT024</logicalDatatype>
<dataTypeSize>32</dataTypeSize>
<ownDataTypeParameters>32,,</ownDataTypeParameters>
</Attribute>
<Attribute name="mzda" id="BCCD2577-6531-BEC7-3F73-5ACD4C5C3CAC">
<createdBy>razbo</createdBy>
<createdTime>2022-11-06 15:40:47 UTC</createdTime>
<ownerDesignName>semPraceDataBase</ownerDesignName>
<engineerTo>
<item key="44584E67-266B-A7F3-8EBA-3830F0BA47A2" value="true"/>
</engineerTo>
<useDomainConstraints>false</useDomainConstraints>
<use>1</use>
<logicalDatatype>LOGDT019</logicalDatatype>
<ownDataTypeParameters>,,</ownDataTypeParameters>
</Attribute>
<Attribute name="telefoni cislo" id="3110367C-CF95-3C51-4180-618B0E061D80">
<createdBy>razbo</createdBy>
<createdTime>2022-11-20 21:22:01 UTC</createdTime>
<ownerDesignName>semPraceDataBase</ownerDesignName>
<engineerTo>
<item key="44584E67-266B-A7F3-8EBA-3830F0BA47A2" value="true"/>
</engineerTo>
<useDomainConstraints>false</useDomainConstraints>
<use>1</use>
<logicalDatatype>LOGDT024</logicalDatatype>
<dataTypeSize>20</dataTypeSize>
<ownDataTypeParameters>20,,</ownDataTypeParameters>
</Attribute>
<Attribute name="Bank id bank" id="65FF4FD7-5025-0F65-F57E-0BFFD382977A">
<createdBy>razbo</createdBy>
<createdTime>2022-11-12 14:45:37 UTC</createdTime>
<generatorID>B72EDCDA-D777-90D8-7E64-49A1876D88C5</generatorID>
<ownerDesignName>semPraceDataBase</ownerDesignName>
<engineerTo>
<item key="44584E67-266B-A7F3-8EBA-3830F0BA47A2" value="true"/>
</engineerTo>
<referedAttribute>DF81F5D7-9A4A-3F76-5919-97DEF1CD693D</referedAttribute>
<useDomainConstraints>false</useDomainConstraints>
<use>1</use>
<logicalDatatype>LOGDT019</logicalDatatype>
<ownDataTypeParameters>,,</ownDataTypeParameters>
</Attribute>
<Attribute name="STATUS id status" id="0DAC4C03-5AF6-35FC-E74F-FDDBAE9E9DD7">
<createdBy>razbo</createdBy>
<createdTime>2022-11-23 21:15:50 UTC</createdTime>
<generatorID>6DDF393A-1FDB-561F-3A18-DD285EDD704B</generatorID>
<ownerDesignName>semPraceDataBase</ownerDesignName>
<engineerTo>
<item key="44584E67-266B-A7F3-8EBA-3830F0BA47A2" value="true"/>
</engineerTo>
<referedAttribute>0FD19A55-0E97-4D4E-EB36-0EF6F5527906</referedAttribute>
<useDomainConstraints>false</useDomainConstraints>
<use>1</use>
<logicalDatatype>LOGDT019</logicalDatatype>
<ownDataTypeParameters>,,</ownDataTypeParameters>
</Attribute>
<Attribute name="ZAMESTNANEC id zamestnanec1" id="DF234D1E-535F-773D-622C-926B806E39A4">
<createdBy>razbo</createdBy>
<createdTime>2023-11-02 16:51:12 UTC</createdTime>
<ownerDesignName>semPraceDataBase</ownerDesignName>
<engineerTo>
<item key="44584E67-266B-A7F3-8EBA-3830F0BA47A2" value="true"/>
</engineerTo>
<useDomainConstraints>false</useDomainConstraints>
<use>1</use>
<logicalDatatype>LOGDT019</logicalDatatype>
<ownDataTypeParameters>,,</ownDataTypeParameters>
</Attribute>
<Attribute name="ZAMESTNANEC id zamestnanec" id="011D8C77-E389-0DB1-136A-2A0ED4AE24DD">
<createdBy>razbo</createdBy>
<createdTime>2023-11-02 16:58:18 UTC</createdTime>
<generatorID>1DCA2A11-1A61-5880-8213-69AD52BA6EAB</generatorID>
<ownerDesignName>semPraceDataBase</ownerDesignName>
<engineerTo>
<item key="44584E67-266B-A7F3-8EBA-3830F0BA47A2" value="true"/>
</engineerTo>
<referedAttribute>8C93F709-BA40-5F61-2F81-243B7BAC8762</referedAttribute>
<useDomainConstraints>false</useDomainConstraints>
<use>1</use>
<logicalDatatype>LOGDT019</logicalDatatype>
<ownDataTypeParameters>,,</ownDataTypeParameters>
</Attribute>
<Attribute name="POBOCKA id pobocka" id="E3B96AD7-1C7C-7410-A656-B4B3074019B6">
<createdBy>razbo</createdBy>
<createdTime>2023-11-02 17:13:38 UTC</createdTime>
<generatorID>AAF01008-0C28-5755-D0F3-9C5443115D51</generatorID>
<ownerDesignName>semPraceDataBase</ownerDesignName>
<engineerTo>
<item key="44584E67-266B-A7F3-8EBA-3830F0BA47A2" value="true"/>
</engineerTo>
<referedAttribute>F9C68AF4-FB03-DA60-C581-F1F4C9DA6FDC</referedAttribute>
<useDomainConstraints>false</useDomainConstraints>
<use>1</use>
<logicalDatatype>LOGDT019</logicalDatatype>
<ownDataTypeParameters>,,</ownDataTypeParameters>
</Attribute>
<Attribute name="PRACE POZICE id pozice" id="AE3A6C4F-D880-D9E2-5A1D-3D3579A01E1E">
<createdBy>razbo</createdBy>
<createdTime>2023-11-02 17:19:19 UTC</createdTime>
<generatorID>299F7584-6657-AB4C-B013-D8C28AC72BA6</generatorID>
<ownerDesignName>semPraceDataBase</ownerDesignName>
<engineerTo>
<item key="44584E67-266B-A7F3-8EBA-3830F0BA47A2" value="true"/>
</engineerTo>
<referedAttribute>BBF13A6A-C668-A9FC-7E98-42CCDAA8C6D5</referedAttribute>
<useDomainConstraints>false</useDomainConstraints>
<use>1</use>
<logicalDatatype>LOGDT019</logicalDatatype>
<ownDataTypeParameters>,,</ownDataTypeParameters>
</Attribute>
<Attribute name="email zamestnanec" id="A2072F98-7EC9-AEAD-8CAD-37559147431C">
<createdBy>razbo</createdBy>
<createdTime>2023-11-02 17:22:20 UTC</createdTime>
<ownerDesignName>semPraceDataBase</ownerDesignName>
<engineerTo>
<item key="44584E67-266B-A7F3-8EBA-3830F0BA47A2" value="true"/>
</engineerTo>
<useDomainConstraints>false</useDomainConstraints>
<use>1</use>
<logicalDatatype>LOGDT024</logicalDatatype>
<dataTypeSize>32</dataTypeSize>
<ownDataTypeParameters>32,,</ownDataTypeParameters>
</Attribute>
<Attribute name="ADRESA id adres" id="E042D086-9DE6-C783-57FD-B765333E2714">
<createdBy>Relaiz</createdBy>
<createdTime>2023-11-05 15:53:51 UTC</createdTime>
<generatorID>72109C51-77AA-A398-6019-022AB0492DE0</generatorID>
<ownerDesignName>semPraceDataBase</ownerDesignName>
<engineerTo>
<item key="44584E67-266B-A7F3-8EBA-3830F0BA47A2" value="true"/>
</engineerTo>
<referedAttribute>082D0CC1-719A-F2B2-D257-9DD50727C9A6</referedAttribute>
<useDomainConstraints>false</useDomainConstraints>
<use>1</use>
<logicalDatatype>LOGDT019</logicalDatatype>
<ownDataTypeParameters>,,</ownDataTypeParameters>
</Attribute>
</attributes>
<identifiers itemClass="oracle.dbtools.crest.model.design.logical.CandidateKey">
<identifier id="7EF54A53-4F81-0429-10BA-9DC3A7EEE328" name="ZAMESTNANEC PK">
<createdBy>razbo</createdBy>
<createdTime>2022-11-06 15:35:12 UTC</createdTime>
<ownerDesignName>semPraceDataBase</ownerDesignName>
<shouldEngineer>false</shouldEngineer>
<engineerTo>
<item key="44584E67-266B-A7F3-8EBA-3830F0BA47A2" value="false"/>
</engineerTo>
<pk>true</pk>
<usedAttributes>
<attributeRef>8C93F709-BA40-5F61-2F81-243B7BAC8762</attributeRef>
</usedAttributes>
</identifier>
<identifier id="053EF767-6555-18A4-4BBD-B8E603267CDA" name="ZAMESTNANEC EMAIL UN">
<createdBy>Relaiz</createdBy>
<createdTime>2023-11-05 15:53:51 UTC</createdTime>
<generatorID>DE8068DF-82A2-FE03-2B32-51E10F78C8B0</generatorID>
<ownerDesignName>semPraceDataBase</ownerDesignName>
<engineerTo>
<item key="44584E67-266B-A7F3-8EBA-3830F0BA47A2" value="true"/>
</engineerTo>
<usedAttributes>
<attributeRef>A2072F98-7EC9-AEAD-8CAD-37559147431C</attributeRef>
</usedAttributes>
</identifier>
</identifiers>
</Entity>
