<?xml version = '1.0' encoding = 'UTF-8'?>
<Entity class="oracle.dbtools.crest.model.design.logical.Entity" directorySegmentName="seg_0" id="C7F1F2EB-05BF-EC42-0377-7539E318A87F" name="Bank">
<createdBy>razbo</createdBy>
<createdTime>2022-10-23 15:46:17 UTC</createdTime>
<ownerDesignName>semPraceDataBase</ownerDesignName>
<engineerTo>
<item key="44584E67-266B-A7F3-8EBA-3830F0BA47A2" value="true"/>
</engineerTo>
<adequatelyNormalized>NO</adequatelyNormalized>
<expectedVolumes>0</expectedVolumes>
<fwdEngineeringStrategyName>Single Table</fwdEngineeringStrategyName>
<growthPercent>0</growthPercent>
<growthType>Year</growthType>
<maxVolumes>9999999</maxVolumes>
<minVolumes>0</minVolumes>
<normalForm>Third</normalForm>
<attributes itemClass="oracle.dbtools.crest.model.design.logical.Attribute">
<Attribute name="id bank" id="DF81F5D7-9A4A-3F76-5919-97DEF1CD693D">
<createdBy>razbo</createdBy>
<createdTime>2022-10-23 17:16:46 UTC</createdTime>
<ownerDesignName>semPraceDataBase</ownerDesignName>
<engineerTo>
<item key="44584E67-266B-A7F3-8EBA-3830F0BA47A2" value="true"/>
</engineerTo>
<useDomainConstraints>false</useDomainConstraints>
<use>1</use>
<logicalDatatype>LOGDT019</logicalDatatype>
<ownDataTypeParameters>,,</ownDataTypeParameters>
</Attribute>
<Attribute name="kod" id="D913A005-2CDE-745A-8422-2841FD197F40">
<createdBy>razbo</createdBy>
<createdTime>2022-10-23 19:28:46 UTC</createdTime>
<ownerDesignName>semPraceDataBase</ownerDesignName>
<engineerTo>
<item key="44584E67-266B-A7F3-8EBA-3830F0BA47A2" value="true"/>
</engineerTo>
<useDomainConstraints>false</useDomainConstraints>
<use>1</use>
<logicalDatatype>LOGDT019</logicalDatatype>
<ownDataTypeParameters>,,</ownDataTypeParameters>
</Attribute>
<Attribute name="nazev" id="E8B0715C-0646-4A7D-BEAB-211D3E4AE849">
<createdBy>razbo</createdBy>
<createdTime>2022-10-23 17:17:03 UTC</createdTime>
<ownerDesignName>semPraceDataBase</ownerDesignName>
<engineerTo>
<item key="44584E67-266B-A7F3-8EBA-3830F0BA47A2" value="true"/>
</engineerTo>
<useDomainConstraints>false</useDomainConstraints>
<use>1</use>
<logicalDatatype>LOGDT024</logicalDatatype>
<dataTypeSize>32</dataTypeSize>
<ownDataTypeParameters>32,,</ownDataTypeParameters>
</Attribute>
</attributes>
<identifiers itemClass="oracle.dbtools.crest.model.design.logical.CandidateKey">
<identifier id="A1F65F9C-7F81-8D21-E977-D6D83EF8DDAF" name="Bank PK">
<createdBy>razbo</createdBy>
<createdTime>2022-10-23 17:17:00 UTC</createdTime>
<ownerDesignName>semPraceDataBase</ownerDesignName>
<shouldEngineer>false</shouldEngineer>
<engineerTo>
<item key="44584E67-266B-A7F3-8EBA-3830F0BA47A2" value="false"/>
</engineerTo>
<pk>true</pk>
<usedAttributes>
<attributeRef>DF81F5D7-9A4A-3F76-5919-97DEF1CD693D</attributeRef>
</usedAttributes>
</identifier>
</identifiers>
</Entity>
