<?xml version = '1.0' encoding = 'UTF-8'?>
<Entity class="oracle.dbtools.crest.model.design.logical.Entity" directorySegmentName="seg_0" id="EDC5B98B-05DB-E06C-4D71-C5B238AB231B" name="Karta">
<createdBy>razbo</createdBy>
<createdTime>2022-10-23 16:09:13 UTC</createdTime>
<ownerDesignName>semPraceDataBase</ownerDesignName>
<engineerTo>
<item key="44584E67-266B-A7F3-8EBA-3830F0BA47A2" value="true"/>
</engineerTo>
<adequatelyNormalized>NO</adequatelyNormalized>
<expectedVolumes>0</expectedVolumes>
<fwdEngineeringStrategyName>Single Table</fwdEngineeringStrategyName>
<growthPercent>0</growthPercent>
<growthType>Year</growthType>
<maxVolumes>9999999</maxVolumes>
<minVolumes>0</minVolumes>
<normalForm>Third</normalForm>
<attributes itemClass="oracle.dbtools.crest.model.design.logical.Attribute">
<Attribute name="id karta" id="826EC056-A457-6FEC-D96B-EFC863EC4FDD">
<createdBy>razbo</createdBy>
<createdTime>2022-11-08 20:55:23 UTC</createdTime>
<ownerDesignName>semPraceDataBase</ownerDesignName>
<engineerTo>
<item key="44584E67-266B-A7F3-8EBA-3830F0BA47A2" value="true"/>
</engineerTo>
<useDomainConstraints>false</useDomainConstraints>
<use>1</use>
<logicalDatatype>LOGDT019</logicalDatatype>
<ownDataTypeParameters>,,</ownDataTypeParameters>
</Attribute>
<Attribute name="jmeno" id="3DC38197-B24D-CB46-2D8B-CF88E997A168">
<createdBy>razbo</createdBy>
<createdTime>2022-12-05 21:02:51 UTC</createdTime>
<ownerDesignName>semPraceDataBase</ownerDesignName>
<engineerTo>
<item key="44584E67-266B-A7F3-8EBA-3830F0BA47A2" value="true"/>
</engineerTo>
<useDomainConstraints>false</useDomainConstraints>
<use>1</use>
<logicalDatatype>LOGDT024</logicalDatatype>
<dataTypeSize>32</dataTypeSize>
<ownDataTypeParameters>32,,</ownDataTypeParameters>
</Attribute>
<Attribute name="prijmeni" id="47120112-C670-43FC-9E2C-9B2C65269BC1">
<createdBy>razbo</createdBy>
<createdTime>2022-12-05 21:02:50 UTC</createdTime>
<ownerDesignName>semPraceDataBase</ownerDesignName>
<engineerTo>
<item key="44584E67-266B-A7F3-8EBA-3830F0BA47A2" value="true"/>
</engineerTo>
<useDomainConstraints>false</useDomainConstraints>
<use>1</use>
<logicalDatatype>LOGDT024</logicalDatatype>
<dataTypeSize>32</dataTypeSize>
<ownDataTypeParameters>32,,</ownDataTypeParameters>
</Attribute>
<Attribute name="cislo karty" id="B2BB0732-9D6E-A38C-FC0E-EB0EA08F6DBE">
<createdBy>razbo</createdBy>
<createdTime>2022-11-08 20:55:42 UTC</createdTime>
<ownerDesignName>semPraceDataBase</ownerDesignName>
<engineerTo>
<item key="44584E67-266B-A7F3-8EBA-3830F0BA47A2" value="true"/>
</engineerTo>
<useDomainConstraints>false</useDomainConstraints>
<use>1</use>
<logicalDatatype>LOGDT019</logicalDatatype>
<ownDataTypeParameters>,,</ownDataTypeParameters>
</Attribute>
<Attribute name="platebni system" id="53522E8C-7639-FCD2-26AA-D175E360548E">
<createdBy>razbo</createdBy>
<createdTime>2022-11-08 20:56:50 UTC</createdTime>
<ownerDesignName>semPraceDataBase</ownerDesignName>
<engineerTo>
<item key="44584E67-266B-A7F3-8EBA-3830F0BA47A2" value="true"/>
</engineerTo>
<useDomainConstraints>false</useDomainConstraints>
<use>1</use>
<logicalDatatype>LOGDT024</logicalDatatype>
<dataTypeSize>32</dataTypeSize>
<ownDataTypeParameters>32,,</ownDataTypeParameters>
</Attribute>
<Attribute name="platnost" id="A1FA1A59-949C-484D-B466-17E177A3F040">
<createdBy>razbo</createdBy>
<createdTime>2022-11-08 20:57:49 UTC</createdTime>
<ownerDesignName>semPraceDataBase</ownerDesignName>
<engineerTo>
<item key="44584E67-266B-A7F3-8EBA-3830F0BA47A2" value="true"/>
</engineerTo>
<useDomainConstraints>false</useDomainConstraints>
<use>1</use>
<logicalDatatype>LOGDT007</logicalDatatype>
<ownDataTypeParameters>,,</ownDataTypeParameters>
</Attribute>
<Attribute name="typ" id="23B5EE04-5048-3566-04D1-E7A1E42DCD1B">
<createdBy>razbo</createdBy>
<createdTime>2022-11-23 21:48:04 UTC</createdTime>
<ownerDesignName>semPraceDataBase</ownerDesignName>
<engineerTo>
<item key="44584E67-266B-A7F3-8EBA-3830F0BA47A2" value="true"/>
</engineerTo>
<useDomainConstraints>false</useDomainConstraints>
<use>1</use>
<logicalDatatype>LOGDT024</logicalDatatype>
<dataTypeSize>1</dataTypeSize>
<ownDataTypeParameters>1,,</ownDataTypeParameters>
</Attribute>
<Attribute name="id ucet" id="0728CC2D-0C80-E055-99B5-07B0F4452A4B">
<createdBy>razbo</createdBy>
<createdTime>2022-11-08 22:30:14 UTC</createdTime>
<generatorID>187B25B6-4248-BBB9-21F5-B8A0B4F05B71</generatorID>
<ownerDesignName>semPraceDataBase</ownerDesignName>
<engineerTo>
<item key="44584E67-266B-A7F3-8EBA-3830F0BA47A2" value="true"/>
</engineerTo>
<referedAttribute>460D4CC9-F932-4960-D08D-1AF780FF6EC9</referedAttribute>
<useDomainConstraints>false</useDomainConstraints>
<use>1</use>
<logicalDatatype>LOGDT019</logicalDatatype>
<ownDataTypeParameters>,,</ownDataTypeParameters>
</Attribute>
</attributes>
<identifiers itemClass="oracle.dbtools.crest.model.design.logical.CandidateKey">
<identifier id="786208EC-00A6-CE79-D836-CFF9B87F5865" name="Karta PK">
<createdBy>razbo</createdBy>
<createdTime>2022-11-08 20:55:39 UTC</createdTime>
<ownerDesignName>semPraceDataBase</ownerDesignName>
<shouldEngineer>false</shouldEngineer>
<engineerTo>
<item key="44584E67-266B-A7F3-8EBA-3830F0BA47A2" value="false"/>
</engineerTo>
<pk>true</pk>
<usedAttributes>
<attributeRef>826EC056-A457-6FEC-D96B-EFC863EC4FDD</attributeRef>
</usedAttributes>
</identifier>
</identifiers>
</Entity>
