<?xml version = '1.0' encoding = 'UTF-8'?>
<Relation class="oracle.dbtools.crest.model.design.logical.Relation" name="ADRESA_POBOCKA" directorySegmentName="seg_0" id="13092609-A48B-7CD4-CA6A-795A91EB6954">
<createdBy>razbo</createdBy>
<createdTime>2022-11-08 21:40:03 UTC</createdTime>
<ownerDesignName>semPraceDataBase</ownerDesignName>
<engineerTo>
<item key="A76BF201-9F90-82F8-E936-E67C43A3A1AD" value="true"/>
</engineerTo>
<sourcePk>3F01F17B-847F-3B00-482D-5C8320B46DBE</sourcePk>
<identifying>false</identifying>
<nameOnSource>obsahuje</nameOnSource>
<nameOnTarget>ma</nameOnTarget>
<optionalSource>true</optionalSource>
<optionalTarget>false</optionalTarget>
<sourceCardinality>1</sourceCardinality>
<sourceEntity>7A98D05C-4FFD-DFC7-69B1-0EC20B07BEE0</sourceEntity>
<targetCardinalityString>*</targetCardinalityString>
<targetEntity>1025505E-6D4B-195C-2E8D-2E433F6FABE9</targetEntity>
<transferable>true</transferable>
<deleteRule>NO ACTION</deleteRule>
</Relation>