<?xml version = '1.0' encoding = 'UTF-8'?>
<Relation class="oracle.dbtools.crest.model.design.logical.Relation" name="STATUS_POBOCKA" directorySegmentName="seg_0" id="3ABE5479-AB9A-7BDD-FC77-0AEF526E24FE">
<createdBy>razbo</createdBy>
<createdTime>2022-11-23 21:06:42 UTC</createdTime>
<ownerDesignName>semPraceDataBase</ownerDesignName>
<engineerTo>
<item key="A76BF201-9F90-82F8-E936-E67C43A3A1AD" value="true"/>
</engineerTo>
<sourcePk>8F917EFD-DD49-7EAB-1E04-BC05EAAF745C</sourcePk>
<identifying>false</identifying>
<nameOnSource>patri</nameOnSource>
<nameOnTarget>ma</nameOnTarget>
<optionalSource>true</optionalSource>
<optionalTarget>false</optionalTarget>
<sourceCardinality>1</sourceCardinality>
<sourceEntity>5091E14C-56F2-EB64-1F5D-A1A92DC30BFE</sourceEntity>
<targetCardinalityString>*</targetCardinalityString>
<targetEntity>1025505E-6D4B-195C-2E8D-2E433F6FABE9</targetEntity>
<transferable>true</transferable>
<deleteRule>NO ACTION</deleteRule>
</Relation>