<?xml version = '1.0' encoding = 'UTF-8'?>
<Relation class="oracle.dbtools.crest.model.design.logical.Relation" name="Relation_9" directorySegmentName="seg_0" id="64DF5D5E-6F11-7260-41B9-0FBE1DA2CFCB">
<createdBy>razbo</createdBy>
<createdTime>2022-11-08 22:27:26 UTC</createdTime>
<ownerDesignName>semPraceDataBase</ownerDesignName>
<engineerTo>
<item key="A76BF201-9F90-82F8-E936-E67C43A3A1AD" value="true"/>
</engineerTo>
<sourcePk>3F01F17B-847F-3B00-482D-5C8320B46DBE</sourcePk>
<identifying>false</identifying>
<nameOnSource>obsahuje</nameOnSource>
<nameOnTarget>ma</nameOnTarget>
<optionalSource>true</optionalSource>
<optionalTarget>false</optionalTarget>
<sourceCardinality>1</sourceCardinality>
<sourceEntity>7A98D05C-4FFD-DFC7-69B1-0EC20B07BEE0</sourceEntity>
<targetCardinalityString>*</targetCardinalityString>
<targetEntity>B4A71E2F-6D49-864D-099D-6F19965F374C</targetEntity>
<transferable>true</transferable>
<deleteRule>NO ACTION</deleteRule>
</Relation>