<?xml version = '1.0' encoding = 'UTF-8'?>
<Relation class="oracle.dbtools.crest.model.design.logical.Relation" name="BANK_ZAMESTNANEC" directorySegmentName="seg_0" id="B72EDCDA-D777-90D8-7E64-49A1876D88C5">
<createdBy>razbo</createdBy>
<createdTime>2022-11-12 14:45:37 UTC</createdTime>
<ownerDesignName>semPraceDataBase</ownerDesignName>
<engineerTo>
<item key="A76BF201-9F90-82F8-E936-E67C43A3A1AD" value="true"/>
</engineerTo>
<sourcePk>A1F65F9C-7F81-8D21-E977-D6D83EF8DDAF</sourcePk>
<identifying>false</identifying>
<nameOnSource>ma</nameOnSource>
<nameOnTarget>patri</nameOnTarget>
<optionalSource>true</optionalSource>
<optionalTarget>false</optionalTarget>
<sourceCardinality>1</sourceCardinality>
<sourceEntity>C7F1F2EB-05BF-EC42-0377-7539E318A87F</sourceEntity>
<targetCardinalityString>*</targetCardinalityString>
<targetEntity>BF3EDEF1-0743-8F11-2A37-3EA90AA99E74</targetEntity>
<transferable>true</transferable>
<deleteRule>NO ACTION</deleteRule>
</Relation>