<?xml version = '1.0' encoding = 'UTF-8'?>
<Relation class="oracle.dbtools.crest.model.design.logical.Relation" name="BANK_UCET" directorySegmentName="seg_0" id="FED0119C-C6D8-7737-F5F9-879A6641AEE2">
<createdBy>razbo</createdBy>
<createdTime>2022-11-12 14:20:37 UTC</createdTime>
<ownerDesignName>semPraceDataBase</ownerDesignName>
<engineerTo>
<item key="A76BF201-9F90-82F8-E936-E67C43A3A1AD" value="true"/>
</engineerTo>
<sourcePk>A1F65F9C-7F81-8D21-E977-D6D83EF8DDAF</sourcePk>
<identifying>false</identifying>
<nameOnSource>ma</nameOnSource>
<nameOnTarget>patri</nameOnTarget>
<optionalSource>true</optionalSource>
<optionalTarget>false</optionalTarget>
<sourceCardinality>1</sourceCardinality>
<sourceEntity>C7F1F2EB-05BF-EC42-0377-7539E318A87F</sourceEntity>
<targetCardinalityString>*</targetCardinalityString>
<targetEntity>AAC834DD-B566-0332-14D7-CAB77987372A</targetEntity>
<transferable>true</transferable>
<deleteRule>NO ACTION</deleteRule>
</Relation>