<?xml version = '1.0' encoding = 'UTF-8'?>
<Diagram class="oracle.dbtools.crest.swingui.relational.DPVRelational" name="Relational_1" id="DC06D8CF-518B-7403-51AA-49AEE2BC0B90">
<createdBy>razbo</createdBy>
<modifiedBy>razbo</modifiedBy>
<createdTime>2022-12-05 20:20:55 UTC</createdTime>
<autoRoute>false</autoRoute>
<boxInbox>true</boxInbox>
<showLegend>false</showLegend>
<showLabels>false</showLabels>
<showRelAttributes>false</showRelAttributes>
<gridEnabled>false</gridEnabled>
<showGrid>false</showGrid>
<diagramColor>-1</diagramColor>
<display>false</display>
<notation>1</notation>
<objectViews>
<OView class="oracle.dbtools.crest.swingui.relational.TVTable" oid="2AE1BFD5-3E37-43C2-B81A-E76BF4352640" otype="Table" vid="73D42533-9BEF-D7E3-0F73-12542079786B">
<hideElementsInCurrentOnly>false</hideElementsInCurrentOnly>
<bounds x="1297" y="616" width="170" height="142"/>
</OView>
<OView class="oracle.dbtools.crest.swingui.relational.TVTable" oid="2D2D8232-F327-828D-14F1-06ABEB1E7993" otype="Table" vid="34A60212-7271-3DD3-83CC-20C73342E298">
<hideElementsInCurrentOnly>false</hideElementsInCurrentOnly>
<bounds x="499" y="315" width="116" height="85"/>
</OView>
<OView class="oracle.dbtools.crest.swingui.relational.TVTable" oid="3C57AC0C-09C4-8D1A-7458-0F2578BFCE5A" otype="Table" vid="8F21AE9C-A20D-F022-F580-731D7FC2F4D4">
<hideElementsInCurrentOnly>false</hideElementsInCurrentOnly>
<bounds x="341" y="604" width="213" height="150"/>
</OView>
<OView class="oracle.dbtools.crest.swingui.relational.TVTable" oid="405591EB-5A3F-F2DB-3611-87306B7DD30E" otype="Table" vid="F5E64EA3-0352-472D-7385-F0B5D0231E03">
<hideElementsInCurrentOnly>false</hideElementsInCurrentOnly>
<bounds x="1526" y="601" width="81" height="52"/>
</OView>
<OView class="oracle.dbtools.crest.swingui.relational.TVTable" oid="45361194-B397-CDE3-2F8D-7790503F078E" otype="Table" vid="AA6666C8-DC26-C1C8-8C86-F20ABAA725DF">
<hideElementsInCurrentOnly>false</hideElementsInCurrentOnly>
<bounds x="9" y="281" width="155" height="292"/>
</OView>
<OView class="oracle.dbtools.crest.swingui.relational.TVTable" oid="5560E146-CC0D-6B47-2B31-9B89B2F9556C" otype="Table" vid="EA4D4880-1E7E-F425-D98A-8868CF57A48F">
<hideElementsInCurrentOnly>false</hideElementsInCurrentOnly>
<bounds x="1346" y="211" width="210" height="245"/>
</OView>
<OView class="oracle.dbtools.crest.swingui.relational.TVTable" oid="67AA724C-BDBC-B69B-DF12-5D5CCC93C5FD" otype="Table" vid="16CE90BB-8010-0F02-2B04-57C00292E81D">
<hideElementsInCurrentOnly>false</hideElementsInCurrentOnly>
<bounds x="645" y="586" width="245" height="207"/>
</OView>
<OView class="oracle.dbtools.crest.swingui.relational.TVTable" oid="6EDE3B72-D090-5041-1A08-4351D41F9CD1" otype="Table" vid="2CF5E835-B473-220D-6D3C-0458E378B0DE">
<hideElementsInCurrentOnly>false</hideElementsInCurrentOnly>
<bounds x="883" y="6" width="201" height="186"/>
</OView>
<OView class="oracle.dbtools.crest.swingui.relational.TVTable" oid="74DEE386-C9E6-5145-B53B-E42C309A5D5F" otype="Table" vid="8938D358-7965-B3EC-BCA8-BF68F57120E4">
<hideElementsInCurrentOnly>false</hideElementsInCurrentOnly>
<bounds x="63" y="641" width="214" height="213"/>
</OView>
<OView class="oracle.dbtools.crest.swingui.relational.TVTable" oid="8696CC67-1900-0C94-AA7C-E06BA42B1F3F" otype="Table" vid="9ABDF641-82AA-50FD-5404-AD6A88FE591D">
<hideElementsInCurrentOnly>false</hideElementsInCurrentOnly>
<bounds x="494" y="126" width="128" height="92"/>
</OView>
<OView class="oracle.dbtools.crest.swingui.relational.TVTable" oid="93581B51-6658-9EFF-A76C-AE2C368174A4" otype="Table" vid="F1A29327-1A30-A44E-EF08-7B78506DF0BC">
<hideElementsInCurrentOnly>false</hideElementsInCurrentOnly>
<bounds x="94" y="19" width="192" height="127"/>
</OView>
<OView class="oracle.dbtools.crest.swingui.relational.TVTable" oid="9C4B506C-2870-7C2B-BAAA-49BF9681EF01" otype="Table" vid="E96AFB80-05F0-E5EE-9BCF-F48B1E2CCA73">
<hideElementsInCurrentOnly>false</hideElementsInCurrentOnly>
<bounds x="405" y="820" width="170" height="110"/>
</OView>
<OView class="oracle.dbtools.crest.swingui.relational.TVTable" oid="D917463E-810B-F714-39B4-C2523DD895C8" otype="Table" vid="B3A12136-34D2-B775-E293-54AF7583319B">
<hideElementsInCurrentOnly>false</hideElementsInCurrentOnly>
<bounds x="991" y="462" width="197" height="209"/>
</OView>
<OView class="oracle.dbtools.crest.swingui.relational.TVTable" oid="F0DB6AB9-4ED9-B92F-1CE4-4FA617320C43" otype="Table" vid="F1BE66EA-2838-DE08-7ECD-F59C63E5001C">
<hideElementsInCurrentOnly>false</hideElementsInCurrentOnly>
<bounds x="1030" y="208" width="197" height="190"/>
</OView>
<OView class="oracle.dbtools.crest.swingui.relational.TVTable" oid="FE3C00B7-6D3F-7E10-5B3B-67FFB54AF2A3" otype="Table" vid="8A37269A-10B4-9C76-1E73-F00EF8E85760">
<hideElementsInCurrentOnly>false</hideElementsInCurrentOnly>
<bounds x="1050" y="742" width="173" height="147"/>
</OView>
</objectViews>
<connectors>
<Connector class="oracle.dbtools.crest.swingui.relational.TVFKRelation" oid="192F4B78-116C-A86C-2019-58CDAF19F2A1" otype="FKIndexAssociation" vid_source="F1A29327-1A30-A44E-EF08-7B78506DF0BC" vid_target="AA6666C8-DC26-C1C8-8C86-F20ABAA725DF">
<hideElementsInCurrentOnly>false</hideElementsInCurrentOnly>
<backgroundColor>-16777216</backgroundColor>
<lineWidth>1</lineWidth>
<points>
<point x="129" y="146"/>
<point x="129" y="281"/>
</points>
</Connector>
<Connector class="oracle.dbtools.crest.swingui.relational.TVFKRelation" oid="1EAB4A05-8332-AACB-2B11-8D4B8BB6B526" otype="FKIndexAssociation" vid_source="34A60212-7271-3DD3-83CC-20C73342E298" vid_target="B3A12136-34D2-B775-E293-54AF7583319B">
<hideElementsInCurrentOnly>false</hideElementsInCurrentOnly>
<backgroundColor>-16777216</backgroundColor>
<lineWidth>1</lineWidth>
<points>
<point x="615" y="380"/>
<point x="991" y="527"/>
</points>
</Connector>
<Connector class="oracle.dbtools.crest.swingui.relational.TVFKRelation" oid="59601CBF-9E03-34A6-838D-2B9220FFAEB4" otype="FKIndexAssociation" vid_source="9ABDF641-82AA-50FD-5404-AD6A88FE591D" vid_target="16CE90BB-8010-0F02-2B04-57C00292E81D">
<hideElementsInCurrentOnly>false</hideElementsInCurrentOnly>
<backgroundColor>-16777216</backgroundColor>
<lineWidth>1</lineWidth>
<points>
<point x="576" y="218"/>
<point x="725" y="586"/>
</points>
</Connector>
<Connector class="oracle.dbtools.crest.swingui.relational.TVFKRelation" oid="69E9B315-3066-44CB-D157-80B205B1EFF9" otype="FKIndexAssociation" vid_source="16CE90BB-8010-0F02-2B04-57C00292E81D" vid_target="E96AFB80-05F0-E5EE-9BCF-F48B1E2CCA73">
<hideElementsInCurrentOnly>false</hideElementsInCurrentOnly>
<backgroundColor>-16777216</backgroundColor>
<lineWidth>1</lineWidth>
<points>
<point x="645" y="771"/>
<point x="572" y="820"/>
</points>
</Connector>
<Connector class="oracle.dbtools.crest.swingui.relational.TVFKRelation" oid="6BB5151F-E414-59CA-FEE3-F297D60616A7" otype="FKIndexAssociation" vid_source="16CE90BB-8010-0F02-2B04-57C00292E81D" vid_target="B3A12136-34D2-B775-E293-54AF7583319B">
<hideElementsInCurrentOnly>false</hideElementsInCurrentOnly>
<backgroundColor>-16777216</backgroundColor>
<lineWidth>1</lineWidth>
<points>
<point x="890" y="628"/>
<point x="991" y="628"/>
</points>
</Connector>
<Connector class="oracle.dbtools.crest.swingui.relational.TVFKRelation" oid="6DF624FF-E622-6CEB-4157-7CF15A4D4384" otype="FKIndexAssociation" vid_source="9ABDF641-82AA-50FD-5404-AD6A88FE591D" vid_target="B3A12136-34D2-B775-E293-54AF7583319B">
<hideElementsInCurrentOnly>false</hideElementsInCurrentOnly>
<backgroundColor>-16777216</backgroundColor>
<lineWidth>1</lineWidth>
<points>
<point x="619" y="218"/>
<point x="991" y="493"/>
</points>
</Connector>
<Connector class="oracle.dbtools.crest.swingui.relational.TVFKRelation" oid="714E4D03-6BE6-3DC0-9797-D0EF88F6A8DC" otype="FKIndexAssociation" vid_source="B3A12136-34D2-B775-E293-54AF7583319B" vid_target="F1BE66EA-2838-DE08-7ECD-F59C63E5001C">
<hideElementsInCurrentOnly>false</hideElementsInCurrentOnly>
<backgroundColor>-16777216</backgroundColor>
<lineWidth>1</lineWidth>
<points>
<point x="1109" y="462"/>
<point x="1109" y="398"/>
</points>
</Connector>
<Connector class="oracle.dbtools.crest.swingui.relational.TVFKRelation" oid="72F59B08-A5E9-3DB8-0D59-F2DD4678DFA1" otype="FKIndexAssociation" vid_source="F1A29327-1A30-A44E-EF08-7B78506DF0BC" vid_target="16CE90BB-8010-0F02-2B04-57C00292E81D">
<hideElementsInCurrentOnly>false</hideElementsInCurrentOnly>
<backgroundColor>-16777216</backgroundColor>
<lineWidth>1</lineWidth>
<points>
<point x="250" y="146"/>
<point x="669" y="586"/>
</points>
</Connector>
<Connector class="oracle.dbtools.crest.swingui.relational.TVFKRelation" oid="78BB65AB-B29E-D8B3-8E4F-2BEB5C98D15A" otype="FKIndexAssociation" vid_source="F1A29327-1A30-A44E-EF08-7B78506DF0BC" vid_target="8938D358-7965-B3EC-BCA8-BF68F57120E4">
<hideElementsInCurrentOnly>false</hideElementsInCurrentOnly>
<backgroundColor>-16777216</backgroundColor>
<lineWidth>1</lineWidth>
<points>
<point x="185" y="146"/>
<point x="185" y="641"/>
</points>
</Connector>
<Connector class="oracle.dbtools.crest.swingui.relational.TVFKRelation" oid="7942D0F4-8BC9-9825-973C-FCD01BEF0FEB" otype="FKIndexAssociation" vid_source="F1A29327-1A30-A44E-EF08-7B78506DF0BC" vid_target="2CF5E835-B473-220D-6D3C-0458E378B0DE">
<hideElementsInCurrentOnly>false</hideElementsInCurrentOnly>
<backgroundColor>-16777216</backgroundColor>
<lineWidth>1</lineWidth>
<points>
<point x="286" y="82"/>
<point x="883" y="82"/>
</points>
</Connector>
<Connector class="oracle.dbtools.crest.swingui.relational.TVFKRelation" oid="7EF98C10-E44E-0C08-D23B-3CF15FADEFC7" otype="FKIndexAssociation" vid_source="EA4D4880-1E7E-F425-D98A-8868CF57A48F" vid_target="F5E64EA3-0352-472D-7385-F0B5D0231E03">
<hideElementsInCurrentOnly>false</hideElementsInCurrentOnly>
<backgroundColor>-16777216</backgroundColor>
<lineWidth>1</lineWidth>
<points>
<point x="1541" y="456"/>
<point x="1541" y="601"/>
</points>
</Connector>
<Connector class="oracle.dbtools.crest.swingui.relational.TVFKRelation" oid="A14B4877-9B74-2F08-2E89-DB0494D1C142" otype="FKIndexAssociation" vid_source="8F21AE9C-A20D-F022-F580-731D7FC2F4D4" vid_target="E96AFB80-05F0-E5EE-9BCF-F48B1E2CCA73">
<hideElementsInCurrentOnly>false</hideElementsInCurrentOnly>
<backgroundColor>-16777216</backgroundColor>
<lineWidth>1</lineWidth>
<points>
<point x="479" y="754"/>
<point x="479" y="820"/>
</points>
</Connector>
<Connector class="oracle.dbtools.crest.swingui.relational.TVFKRelation" oid="B04315C8-0530-4C5E-9C24-05D20058AB7D" otype="FKIndexAssociation" vid_source="34A60212-7271-3DD3-83CC-20C73342E298" vid_target="AA6666C8-DC26-C1C8-8C86-F20ABAA725DF">
<hideElementsInCurrentOnly>false</hideElementsInCurrentOnly>
<backgroundColor>-16777216</backgroundColor>
<lineWidth>1</lineWidth>
<points>
<point x="499" y="357"/>
<point x="164" y="357"/>
</points>
</Connector>
<Connector class="oracle.dbtools.crest.swingui.relational.TVFKRelation" oid="B566BAEC-0461-D0AF-054C-6BD20D8F42B9" otype="FKIndexAssociation" vid_source="8938D358-7965-B3EC-BCA8-BF68F57120E4" vid_target="AA6666C8-DC26-C1C8-8C86-F20ABAA725DF">
<hideElementsInCurrentOnly>false</hideElementsInCurrentOnly>
<backgroundColor>-16777216</backgroundColor>
<lineWidth>1</lineWidth>
<points>
<point x="113" y="641"/>
<point x="113" y="573"/>
</points>
</Connector>
<Connector class="oracle.dbtools.crest.swingui.relational.TVFKRelation" oid="B8530772-3AC8-2A87-7752-0AE37F47E83D" otype="FKIndexAssociation" vid_source="EA4D4880-1E7E-F425-D98A-8868CF57A48F" vid_target="73D42533-9BEF-D7E3-0F73-12542079786B">
<hideElementsInCurrentOnly>false</hideElementsInCurrentOnly>
<backgroundColor>-16777216</backgroundColor>
<lineWidth>1</lineWidth>
<points>
<point x="1406" y="456"/>
<point x="1406" y="616"/>
</points>
</Connector>
<Connector class="oracle.dbtools.crest.swingui.relational.TVFKRelation" oid="B86A8C4C-49DD-32F1-7451-B3562B38421E" otype="FKIndexAssociation" vid_source="9ABDF641-82AA-50FD-5404-AD6A88FE591D" vid_target="AA6666C8-DC26-C1C8-8C86-F20ABAA725DF">
<hideElementsInCurrentOnly>false</hideElementsInCurrentOnly>
<backgroundColor>-16777216</backgroundColor>
<lineWidth>1</lineWidth>
<points>
<point x="494" y="206"/>
<point x="164" y="385"/>
</points>
</Connector>
<Connector class="oracle.dbtools.crest.swingui.relational.TVFKRelation" oid="BB76B639-E147-549D-4B30-595879F87885" otype="FKIndexAssociation" vid_source="34A60212-7271-3DD3-83CC-20C73342E298" vid_target="8F21AE9C-A20D-F022-F580-731D7FC2F4D4">
<hideElementsInCurrentOnly>false</hideElementsInCurrentOnly>
<backgroundColor>-16777216</backgroundColor>
<lineWidth>1</lineWidth>
<points>
<point x="526" y="400"/>
<point x="526" y="604"/>
</points>
</Connector>
<Connector class="oracle.dbtools.crest.swingui.relational.TVFKRelation" oid="BCAAB2FC-080A-68C4-F448-B918231FED83" otype="FKIndexAssociation" vid_source="9ABDF641-82AA-50FD-5404-AD6A88FE591D" vid_target="8938D358-7965-B3EC-BCA8-BF68F57120E4">
<hideElementsInCurrentOnly>false</hideElementsInCurrentOnly>
<backgroundColor>-16777216</backgroundColor>
<lineWidth>1</lineWidth>
<points>
<point x="526" y="218"/>
<point x="241" y="641"/>
</points>
</Connector>
<Connector class="oracle.dbtools.crest.swingui.relational.TVFKRelation" oid="C2A1E1FD-1C35-F7B2-03E1-56FB09CAC5D7" otype="FKIndexAssociation" vid_source="8938D358-7965-B3EC-BCA8-BF68F57120E4" vid_target="8F21AE9C-A20D-F022-F580-731D7FC2F4D4">
<hideElementsInCurrentOnly>false</hideElementsInCurrentOnly>
<backgroundColor>-16777216</backgroundColor>
<lineWidth>1</lineWidth>
<points>
<point x="277" y="697"/>
<point x="341" y="697"/>
</points>
</Connector>
<Connector class="oracle.dbtools.crest.swingui.relational.TVFKRelation" oid="C2D609BC-9FAC-3AB8-B296-8D8BB0F9D61B" otype="FKIndexAssociation" vid_source="34A60212-7271-3DD3-83CC-20C73342E298" vid_target="8938D358-7965-B3EC-BCA8-BF68F57120E4">
<hideElementsInCurrentOnly>false</hideElementsInCurrentOnly>
<backgroundColor>-16777216</backgroundColor>
<lineWidth>1</lineWidth>
<points>
<point x="514" y="400"/>
<point x="275" y="641"/>
</points>
</Connector>
<Connector class="oracle.dbtools.crest.swingui.relational.TVFKRelation" oid="CEF591EE-CF9B-DAD3-BC68-C22DE92A1264" otype="FKIndexAssociation" vid_source="9ABDF641-82AA-50FD-5404-AD6A88FE591D" vid_target="2CF5E835-B473-220D-6D3C-0458E378B0DE">
<hideElementsInCurrentOnly>false</hideElementsInCurrentOnly>
<backgroundColor>-16777216</backgroundColor>
<lineWidth>1</lineWidth>
<points>
<point x="622" y="174"/>
<point x="883" y="174"/>
</points>
</Connector>
<Connector class="oracle.dbtools.crest.swingui.relational.TVFKRelation" oid="D2091474-84FD-BADE-43BE-5F3E664FC522" otype="FKIndexAssociation" vid_source="34A60212-7271-3DD3-83CC-20C73342E298" vid_target="2CF5E835-B473-220D-6D3C-0458E378B0DE">
<hideElementsInCurrentOnly>false</hideElementsInCurrentOnly>
<backgroundColor>-16777216</backgroundColor>
<lineWidth>1</lineWidth>
<points>
<point x="615" y="322"/>
<point x="883" y="159"/>
</points>
</Connector>
<Connector class="oracle.dbtools.crest.swingui.relational.TVFKRelation" oid="DB60B922-6D28-D547-DC4E-065C79607974" otype="FKIndexAssociation" vid_source="B3A12136-34D2-B775-E293-54AF7583319B" vid_target="EA4D4880-1E7E-F425-D98A-8868CF57A48F">
<hideElementsInCurrentOnly>false</hideElementsInCurrentOnly>
<backgroundColor>-16777216</backgroundColor>
<lineWidth>1</lineWidth>
<points>
<point x="1188" y="503"/>
<point x="1346" y="401"/>
</points>
</Connector>
<Connector class="oracle.dbtools.crest.swingui.relational.TVFKRelation" oid="DFCDF2BD-2887-6295-09E7-91F792406BD5" otype="FKIndexAssociation" vid_source="B3A12136-34D2-B775-E293-54AF7583319B" vid_target="8A37269A-10B4-9C76-1E73-F00EF8E85760">
<hideElementsInCurrentOnly>false</hideElementsInCurrentOnly>
<backgroundColor>-16777216</backgroundColor>
<lineWidth>1</lineWidth>
<points>
<point x="1119" y="671"/>
<point x="1119" y="742"/>
</points>
</Connector>
<Connector class="oracle.dbtools.crest.swingui.relational.TVFKRelation" oid="E95A1EB7-995A-8EF1-8B89-C19EAA367F9C" otype="FKIndexAssociation" vid_source="AA6666C8-DC26-C1C8-8C86-F20ABAA725DF" vid_target="16CE90BB-8010-0F02-2B04-57C00292E81D">
<hideElementsInCurrentOnly>false</hideElementsInCurrentOnly>
<backgroundColor>-16777216</backgroundColor>
<lineWidth>1</lineWidth>
<points>
<point x="164" y="456"/>
<point x="645" y="642"/>
</points>
</Connector>
<Connector class="oracle.dbtools.crest.swingui.relational.TVFKRelation" oid="FE0993AC-AF99-5B85-A0AE-B93441EE5426" otype="FKIndexAssociation" vid_source="34A60212-7271-3DD3-83CC-20C73342E298" vid_target="F1BE66EA-2838-DE08-7ECD-F59C63E5001C">
<hideElementsInCurrentOnly>false</hideElementsInCurrentOnly>
<backgroundColor>-16777216</backgroundColor>
<lineWidth>1</lineWidth>
<points>
<point x="615" y="356"/>
<point x="1030" y="356"/>
</points>
</Connector>
</connectors>
<arcs>
<Arc class="oracle.dbtools.crest.swingui.relational.TVFKArc" oid="CBD39CBC-4EBC-491A-521E-0968DDA17796" otype="FKArc" vid="7EDF7BC8-1BC6-B793-1574-3A333E1EE33C">
<hideElementsInCurrentOnly>false</hideElementsInCurrentOnly>
<bounds x="1326" y="191" width="250" height="285"/>
</Arc>
</arcs>
</Diagram>