<?xml version = '1.0' encoding = 'UTF-8'?>
<RMDeletedMap class="oracle.dbtools.crest.model.xtdmapping.RMDeletedMap">
<mappings itemClass="oracle.dbtools.crest.model.xtdmapping.XtdMapping">
<delm id="68166EDF-6BE54016625699F040E4-D0421D802EC1" delID="68166EDF-B401-C08F-2136-6BE540166256" oCont="B4A71E2F-6D49-864D-099D-6F19965F374C" oDP="035BF92C-3CEF-2C2A-5DCB-EFFDDE5489A0" oID="68166EDF-B401-C08F-2136-6BE540166256" tCont="8E4AF9EA-6ECF-F507-7538-74344B679EB6" tDP="F8E43AF6-89AF-1316-2DAB-6FA2497D70CA" tID="99F040E4-511D-43FE-980E-D0421D802EC1">
</delm>
<delm id="79E2BDD8-67D188E0CCDF17464D75-C7A4DE1C7667" delID="17464D75-377F-92D7-C21F-C7A4DE1C7667" oDP="035BF92C-3CEF-2C2A-5DCB-EFFDDE5489A0" oID="79E2BDD8-7480-A6C6-DC0E-67D188E0CCDF" oType="3" rSEnt="5B7DE47A-3F8C-3E05-FECF-B6D3EFDF2D02" rTEnt="AAC834DD-B566-0332-14D7-CAB77987372A" tDP="F8E43AF6-89AF-1316-2DAB-6FA2497D70CA" tID="17464D75-377F-92D7-C21F-C7A4DE1C7667" tType="8">
</delm>
<delm id="F9DB74BB-9CBFED1B7476FAD1A560-6DEADF80D3C2" delID="FAD1A560-0EC5-444F-0F83-6DEADF80D3C2" oCont="AAC834DD-B566-0332-14D7-CAB77987372A" oDP="035BF92C-3CEF-2C2A-5DCB-EFFDDE5489A0" oID="F9DB74BB-F780-BC76-0A77-9CBFED1B7476" tCont="EDC64281-18B6-FFFE-1A35-9DBA7B08E59D" tDP="F8E43AF6-89AF-1316-2DAB-6FA2497D70CA" tID="FAD1A560-0EC5-444F-0F83-6DEADF80D3C2">
</delm>
</mappings>
</RMDeletedMap>