<?xml version = '1.0' encoding = 'UTF-8'?>
<FKIndexAssociation class="oracle.dbtools.crest.model.design.relational.FKIndexAssociation" directorySegmentName="seg_0" id="192F4B78-116C-A86C-2019-58CDAF19F2A1" containerWithKeyObject="45361194-B397-CDE3-2F8D-7790503F078E" localFKIndex="6FBCED9D-37F9-F120-5A4C-D7BF4932B81A" name="ZAMESTNANEC_ADRESA_FK">
<createdBy>razbo</createdBy>
<createdTime>2022-12-05 20:20:59 UTC</createdTime>
<generatorID>5535D4DA-4EEE-61DF-111B-DA8C6C109184</generatorID>
<ownerDesignName>semPraceDataBase</ownerDesignName>
<referredTableLongName>ADRESA</referredTableLongName>
<deleteRule>NO ACTION</deleteRule>
<referredTableID>93581B51-6658-9EFF-A76C-AE2C368174A4</referredTableID>
<keyObject>8C9C21AE-69DA-AECB-9F42-E2717D22E213</keyObject>
<referredKeyID>8C9C21AE-69DA-AECB-9F42-E2717D22E213</referredKeyID>
<mandatory>true</mandatory>
<refColNames>id_adres</refColNames>
<transferable>true</transferable>
<rely>false</rely>
<columnDependencyConstraintGenerateInDDL>true</columnDependencyConstraintGenerateInDDL>
</FKIndexAssociation>