<?xml version = '1.0' encoding = 'UTF-8'?>
<FKIndexAssociation class="oracle.dbtools.crest.model.design.relational.FKIndexAssociation" directorySegmentName="seg_0" id="1EAB4A05-8332-AACB-2B11-8D4B8BB6B526" containerWithKeyObject="D917463E-810B-F714-39B4-C2523DD895C8" localFKIndex="9CD317C4-72BF-205C-24DA-9DAC65EC8B8E" name="UCET_STATUS_FK">
<createdBy>razbo</createdBy>
<createdTime>2022-12-05 20:20:59 UTC</createdTime>
<generatorID>08E0D232-A578-F5A6-7670-BB689964F9B0</generatorID>
<ownerDesignName>semPraceDataBase</ownerDesignName>
<referredTableLongName>STATUS</referredTableLongName>
<deleteRule>NO ACTION</deleteRule>
<referredTableID>2D2D8232-F327-828D-14F1-06ABEB1E7993</referredTableID>
<keyObject>056B9E87-FD6D-E4D4-036E-8EE816E06172</keyObject>
<referredKeyID>056B9E87-FD6D-E4D4-036E-8EE816E06172</referredKeyID>
<mandatory>true</mandatory>
<refColNames>id_status</refColNames>
<transferable>true</transferable>
<rely>false</rely>
<columnDependencyConstraintGenerateInDDL>true</columnDependencyConstraintGenerateInDDL>
</FKIndexAssociation>