<?xml version = '1.0' encoding = 'UTF-8'?>
<FKIndexAssociation class="oracle.dbtools.crest.model.design.relational.FKIndexAssociation" directorySegmentName="seg_0" id="59601CBF-9E03-34A6-838D-2B9220FFAEB4" containerWithKeyObject="67AA724C-BDBC-B69B-DF12-5D5CCC93C5FD" localFKIndex="420AFD0B-A861-3DEE-1D2C-78288744690F" name="Klient_Bank_FK">
<createdBy>razbo</createdBy>
<createdTime>2022-12-05 20:20:59 UTC</createdTime>
<generatorID>3E7BE679-F787-DDD4-3B89-7F749394C361</generatorID>
<ownerDesignName>semPraceDataBase</ownerDesignName>
<referredTableLongName>Bank</referredTableLongName>
<deleteRule>NO ACTION</deleteRule>
<referredTableID>8696CC67-1900-0C94-AA7C-E06BA42B1F3F</referredTableID>
<keyObject>CADE3F02-62CB-6744-8F64-A77464D048AA</keyObject>
<referredKeyID>CADE3F02-62CB-6744-8F64-A77464D048AA</referredKeyID>
<mandatory>true</mandatory>
<refColNames>id_bank</refColNames>
<transferable>true</transferable>
<rely>false</rely>
<columnDependencyConstraintGenerateInDDL>true</columnDependencyConstraintGenerateInDDL>
</FKIndexAssociation>