<?xml version = '1.0' encoding = 'UTF-8'?>
<FKIndexAssociation class="oracle.dbtools.crest.model.design.relational.FKIndexAssociation" directorySegmentName="seg_0" id="69E9B315-3066-44CB-D157-80B205B1EFF9" containerWithKeyObject="9C4B506C-2870-7C2B-BAAA-49BF9681EF01" localFKIndex="53E8EC5C-40AE-0AA1-88A1-41B4F086376D" name="KLIENT_SCHUZKA_Klient_FK">
<createdBy>razbo</createdBy>
<createdTime>2022-12-05 20:20:59 UTC</createdTime>
<generatorID>3FEF4F5A-A7AC-702F-FC66-FD1D9D8BDC88</generatorID>
<ownerDesignName>semPraceDataBase</ownerDesignName>
<referredTableLongName>Klient</referredTableLongName>
<deleteRule>NO ACTION</deleteRule>
<referredTableID>67AA724C-BDBC-B69B-DF12-5D5CCC93C5FD</referredTableID>
<keyObject>801CAD1A-D035-9885-87EE-DC9E7E64BF76</keyObject>
<referredKeyID>801CAD1A-D035-9885-87EE-DC9E7E64BF76</referredKeyID>
<mandatory>true</mandatory>
<refColNames>id_klient</refColNames>
<transferable>true</transferable>
<rely>false</rely>
<columnDependencyConstraintGenerateInDDL>true</columnDependencyConstraintGenerateInDDL>
</FKIndexAssociation>