<?xml version = '1.0' encoding = 'UTF-8'?>
<FKIndexAssociation class="oracle.dbtools.crest.model.design.relational.FKIndexAssociation" directorySegmentName="seg_0" id="6BB5151F-E414-59CA-FEE3-F297D60616A7" containerWithKeyObject="D917463E-810B-F714-39B4-C2523DD895C8" localFKIndex="432F8700-8639-CDCE-0518-8EC321F50A15" name="UCET_Klient_FK">
<createdBy>razbo</createdBy>
<createdTime>2022-12-05 20:20:59 UTC</createdTime>
<generatorID>99530323-0D81-5EAC-7EB0-0F07D92FD01F</generatorID>
<ownerDesignName>semPraceDataBase</ownerDesignName>
<referredTableLongName>Klient</referredTableLongName>
<deleteRule>NO ACTION</deleteRule>
<referredTableID>67AA724C-BDBC-B69B-DF12-5D5CCC93C5FD</referredTableID>
<keyObject>801CAD1A-D035-9885-87EE-DC9E7E64BF76</keyObject>
<referredKeyID>801CAD1A-D035-9885-87EE-DC9E7E64BF76</referredKeyID>
<mandatory>true</mandatory>
<refColNames>id_klient</refColNames>
<transferable>true</transferable>
<rely>false</rely>
<columnDependencyConstraintGenerateInDDL>true</columnDependencyConstraintGenerateInDDL>
</FKIndexAssociation>