<?xml version = '1.0' encoding = 'UTF-8'?>
<FKIndexAssociation class="oracle.dbtools.crest.model.design.relational.FKIndexAssociation" directorySegmentName="seg_0" id="6DF624FF-E622-6CEB-4157-7CF15A4D4384" containerWithKeyObject="D917463E-810B-F714-39B4-C2523DD895C8" localFKIndex="8758A026-8CEC-B25E-5955-DFF177437499" name="UCET_Bank_FK">
<createdBy>razbo</createdBy>
<createdTime>2022-12-05 20:20:59 UTC</createdTime>
<generatorID>FED0119C-C6D8-7737-F5F9-879A6641AEE2</generatorID>
<ownerDesignName>semPraceDataBase</ownerDesignName>
<referredTableLongName>Bank</referredTableLongName>
<deleteRule>NO ACTION</deleteRule>
<referredTableID>8696CC67-1900-0C94-AA7C-E06BA42B1F3F</referredTableID>
<keyObject>CADE3F02-62CB-6744-8F64-A77464D048AA</keyObject>
<referredKeyID>CADE3F02-62CB-6744-8F64-A77464D048AA</referredKeyID>
<mandatory>true</mandatory>
<refColNames>id_bank</refColNames>
<transferable>true</transferable>
<rely>false</rely>
<columnDependencyConstraintGenerateInDDL>true</columnDependencyConstraintGenerateInDDL>
</FKIndexAssociation>