<?xml version = '1.0' encoding = 'UTF-8'?>
<FKIndexAssociation class="oracle.dbtools.crest.model.design.relational.FKIndexAssociation" directorySegmentName="seg_0" id="714E4D03-6BE6-3DC0-9797-D0EF88F6A8DC" containerWithKeyObject="F0DB6AB9-4ED9-B92F-1CE4-4FA617320C43" localFKIndex="A33083CB-24FE-E1EE-F0E6-E4EFEFD3A145" name="OPERACE_UCET_FK">
<createdBy>razbo</createdBy>
<createdTime>2022-12-05 20:20:59 UTC</createdTime>
<generatorID>9D0F3F27-847B-BA44-CAF3-2C4902B6888E</generatorID>
<ownerDesignName>semPraceDataBase</ownerDesignName>
<referredTableLongName>UCET</referredTableLongName>
<deleteRule>NO ACTION</deleteRule>
<referredTableID>D917463E-810B-F714-39B4-C2523DD895C8</referredTableID>
<keyObject>2CBFA4B9-5F42-8E77-C2AF-F1EA3DF1506C</keyObject>
<referredKeyID>2CBFA4B9-5F42-8E77-C2AF-F1EA3DF1506C</referredKeyID>
<mandatory>true</mandatory>
<refColNames>id_ucet</refColNames>
<transferable>true</transferable>
<rely>false</rely>
<columnDependencyConstraintGenerateInDDL>true</columnDependencyConstraintGenerateInDDL>
</FKIndexAssociation>