<?xml version = '1.0' encoding = 'UTF-8'?>
<FKIndexAssociation class="oracle.dbtools.crest.model.design.relational.FKIndexAssociation" directorySegmentName="seg_0" id="72F59B08-A5E9-3DB8-0D59-F2DD4678DFA1" containerWithKeyObject="67AA724C-BDBC-B69B-DF12-5D5CCC93C5FD" localFKIndex="AF3469A1-F57B-5E92-2513-BFF15B7D665E" name="Klient_ADRESA_FK">
<createdBy>razbo</createdBy>
<createdTime>2022-12-05 20:20:59 UTC</createdTime>
<generatorID>EEC5976A-C96C-916F-20DA-96A17860B1B9</generatorID>
<ownerDesignName>semPraceDataBase</ownerDesignName>
<referredTableLongName>ADRESA</referredTableLongName>
<deleteRule>NO ACTION</deleteRule>
<referredTableID>93581B51-6658-9EFF-A76C-AE2C368174A4</referredTableID>
<keyObject>8C9C21AE-69DA-AECB-9F42-E2717D22E213</keyObject>
<referredKeyID>8C9C21AE-69DA-AECB-9F42-E2717D22E213</referredKeyID>
<mandatory>true</mandatory>
<refColNames>id_adres</refColNames>
<transferable>true</transferable>
<rely>false</rely>
<columnDependencyConstraintGenerateInDDL>true</columnDependencyConstraintGenerateInDDL>
</FKIndexAssociation>