<?xml version = '1.0' encoding = 'UTF-8'?>
<FKIndexAssociation class="oracle.dbtools.crest.model.design.relational.FKIndexAssociation" directorySegmentName="seg_0" id="78BB65AB-B29E-D8B3-8E4F-2BEB5C98D15A" containerWithKeyObject="74DEE386-C9E6-5145-B53B-E42C309A5D5F" localFKIndex="D7C917D6-F2FB-5DF4-8B89-3555017DDE47" name="POBOCKA_ADRESA_FK">
<createdBy>razbo</createdBy>
<createdTime>2022-12-05 20:20:59 UTC</createdTime>
<generatorID>13092609-A48B-7CD4-CA6A-795A91EB6954</generatorID>
<ownerDesignName>semPraceDataBase</ownerDesignName>
<referredTableLongName>ADRESA</referredTableLongName>
<deleteRule>NO ACTION</deleteRule>
<referredTableID>93581B51-6658-9EFF-A76C-AE2C368174A4</referredTableID>
<keyObject>8C9C21AE-69DA-AECB-9F42-E2717D22E213</keyObject>
<referredKeyID>8C9C21AE-69DA-AECB-9F42-E2717D22E213</referredKeyID>
<mandatory>true</mandatory>
<refColNames>id_adres</refColNames>
<transferable>true</transferable>
<rely>false</rely>
<columnDependencyConstraintGenerateInDDL>true</columnDependencyConstraintGenerateInDDL>
</FKIndexAssociation>