<?xml version = '1.0' encoding = 'UTF-8'?>
<FKIndexAssociation class="oracle.dbtools.crest.model.design.relational.FKIndexAssociation" directorySegmentName="seg_0" id="7942D0F4-8BC9-9825-973C-FCD01BEF0FEB" containerWithKeyObject="6EDE3B72-D090-5041-1A08-4351D41F9CD1" localFKIndex="F8C21116-107C-6BF6-CDD5-A9706855A707" name="BANKOMAT_ADRESA_FK">
<createdBy>razbo</createdBy>
<createdTime>2022-12-05 20:20:59 UTC</createdTime>
<generatorID>64DF5D5E-6F11-7260-41B9-0FBE1DA2CFCB</generatorID>
<ownerDesignName>semPraceDataBase</ownerDesignName>
<referredTableLongName>ADRESA</referredTableLongName>
<deleteRule>NO ACTION</deleteRule>
<referredTableID>93581B51-6658-9EFF-A76C-AE2C368174A4</referredTableID>
<keyObject>8C9C21AE-69DA-AECB-9F42-E2717D22E213</keyObject>
<referredKeyID>8C9C21AE-69DA-AECB-9F42-E2717D22E213</referredKeyID>
<mandatory>true</mandatory>
<refColNames>id_adres</refColNames>
<transferable>true</transferable>
<rely>false</rely>
<columnDependencyConstraintGenerateInDDL>true</columnDependencyConstraintGenerateInDDL>
</FKIndexAssociation>