<?xml version = '1.0' encoding = 'UTF-8'?>
<FKIndexAssociation class="oracle.dbtools.crest.model.design.relational.FKIndexAssociation" directorySegmentName="seg_0" id="7EF98C10-E44E-0C08-D23B-3CF15FADEFC7" containerWithKeyObject="405591EB-5A3F-F2DB-3611-87306B7DD30E" localFKIndex="D8E00462-0A06-65F9-3BD9-A3F6BB2322B2" name="debetni_karta_Karta_FK">
<createdBy>razbo</createdBy>
<createdTime>2022-12-05 20:20:59 UTC</createdTime>
<generatorID>2353A086-9ECA-D7E0-FC5D-75B66EF5F36E</generatorID>
<ownerDesignName>semPraceDataBase</ownerDesignName>
<referredTableLongName>Karta</referredTableLongName>
<arc>CBD39CBC-4EBC-491A-521E-0968DDA17796</arc>
<deleteRule>NO ACTION</deleteRule>
<referredTableID>5560E146-CC0D-6B47-2B31-9B89B2F9556C</referredTableID>
<keyObject>DDD60B3A-4BDC-3515-3BEF-8A711298610A</keyObject>
<referredKeyID>DDD60B3A-4BDC-3515-3BEF-8A711298610A</referredKeyID>
<mandatory>true</mandatory>
<refColNames>id_karta</refColNames>
<transferable>true</transferable>
<rely>false</rely>
<discriminatorColumn>599A9A0F-87F8-4770-FB67-889D18A96526</discriminatorColumn>
<discriminatorValue>D</discriminatorValue>
<columnDependencyConstraintGenerateInDDL>true</columnDependencyConstraintGenerateInDDL>
</FKIndexAssociation>