<?xml version = '1.0' encoding = 'UTF-8'?>
<FKIndexAssociation class="oracle.dbtools.crest.model.design.relational.FKIndexAssociation" directorySegmentName="seg_0" id="A14B4877-9B74-2F08-2E89-DB0494D1C142" containerWithKeyObject="9C4B506C-2870-7C2B-BAAA-49BF9681EF01" localFKIndex="D35CF2BA-4FF8-524C-FD76-5CBDCAE8ADE4" name="KLIENT_SCHUZKA_SCHUZKA_FK">
<createdBy>razbo</createdBy>
<createdTime>2022-12-05 20:20:59 UTC</createdTime>
<generatorID>3FEF4F5A-A7AC-702F-FC66-FD1D9D8BDC88</generatorID>
<ownerDesignName>semPraceDataBase</ownerDesignName>
<referredTableLongName>SCHUZKA</referredTableLongName>
<deleteRule>NO ACTION</deleteRule>
<referredTableID>3C57AC0C-09C4-8D1A-7458-0F2578BFCE5A</referredTableID>
<keyObject>4B1498D3-8320-DF3A-F4DE-C040F8C5A531</keyObject>
<referredKeyID>4B1498D3-8320-DF3A-F4DE-C040F8C5A531</referredKeyID>
<mandatory>true</mandatory>
<refColNames>id_schuzka</refColNames>
<transferable>true</transferable>
<rely>false</rely>
<columnDependencyConstraintGenerateInDDL>true</columnDependencyConstraintGenerateInDDL>
</FKIndexAssociation>