<?xml version = '1.0' encoding = 'UTF-8'?>
<FKIndexAssociation class="oracle.dbtools.crest.model.design.relational.FKIndexAssociation" directorySegmentName="seg_0" id="B04315C8-0530-4C5E-9C24-05D20058AB7D" containerWithKeyObject="45361194-B397-CDE3-2F8D-7790503F078E" localFKIndex="967E62F3-AB0B-83AE-6379-A6A6D7142DFB" name="ZAMESTNANEC_STATUS_FK">
<createdBy>razbo</createdBy>
<createdTime>2022-12-05 20:20:59 UTC</createdTime>
<generatorID>6DDF393A-1FDB-561F-3A18-DD285EDD704B</generatorID>
<ownerDesignName>semPraceDataBase</ownerDesignName>
<referredTableLongName>STATUS</referredTableLongName>
<deleteRule>NO ACTION</deleteRule>
<referredTableID>2D2D8232-F327-828D-14F1-06ABEB1E7993</referredTableID>
<keyObject>056B9E87-FD6D-E4D4-036E-8EE816E06172</keyObject>
<referredKeyID>056B9E87-FD6D-E4D4-036E-8EE816E06172</referredKeyID>
<mandatory>true</mandatory>
<refColNames>id_status</refColNames>
<transferable>true</transferable>
<rely>false</rely>
<columnDependencyConstraintGenerateInDDL>true</columnDependencyConstraintGenerateInDDL>
</FKIndexAssociation>