<?xml version = '1.0' encoding = 'UTF-8'?>
<FKIndexAssociation class="oracle.dbtools.crest.model.design.relational.FKIndexAssociation" directorySegmentName="seg_0" id="B566BAEC-0461-D0AF-054C-6BD20D8F42B9" containerWithKeyObject="45361194-B397-CDE3-2F8D-7790503F078E" localFKIndex="D0D9B4AA-24B6-0EE1-5997-DE4A30C7EF22" name="ZAMESTNANEC_POBOCKA_FK">
<createdBy>razbo</createdBy>
<createdTime>2022-12-05 20:54:37 UTC</createdTime>
<generatorID>490FDC69-0737-17F4-67B9-3D5364EF5B0E</generatorID>
<ownerDesignName>semPraceDataBase</ownerDesignName>
<referredTableLongName>POBOCKA</referredTableLongName>
<deleteRule>NO ACTION</deleteRule>
<referredTableID>74DEE386-C9E6-5145-B53B-E42C309A5D5F</referredTableID>
<keyObject>B497F68E-D5F1-C424-39E6-0EA254ED6B7E</keyObject>
<referredKeyID>B497F68E-D5F1-C424-39E6-0EA254ED6B7E</referredKeyID>
<mandatory>true</mandatory>
<refColNames>id_pobocka</refColNames>
<transferable>true</transferable>
<rely>false</rely>
<columnDependencyConstraintGenerateInDDL>true</columnDependencyConstraintGenerateInDDL>
</FKIndexAssociation>