<?xml version = '1.0' encoding = 'UTF-8'?>
<FKIndexAssociation class="oracle.dbtools.crest.model.design.relational.FKIndexAssociation" directorySegmentName="seg_0" id="B8530772-3AC8-2A87-7752-0AE37F47E83D" containerWithKeyObject="2AE1BFD5-3E37-43C2-B81A-E76BF4352640" localFKIndex="25A276FA-CD5D-A650-0395-A83DD7B29273" name="kreditni_karta_Karta_FK">
<createdBy>razbo</createdBy>
<createdTime>2022-12-05 20:20:59 UTC</createdTime>
<generatorID>9E2C08DA-565E-ECCD-4E44-7AD3F1FA70B9</generatorID>
<ownerDesignName>semPraceDataBase</ownerDesignName>
<referredTableLongName>Karta</referredTableLongName>
<arc>CBD39CBC-4EBC-491A-521E-0968DDA17796</arc>
<deleteRule>NO ACTION</deleteRule>
<referredTableID>5560E146-CC0D-6B47-2B31-9B89B2F9556C</referredTableID>
<keyObject>DDD60B3A-4BDC-3515-3BEF-8A711298610A</keyObject>
<referredKeyID>DDD60B3A-4BDC-3515-3BEF-8A711298610A</referredKeyID>
<mandatory>true</mandatory>
<refColNames>id_karta</refColNames>
<transferable>true</transferable>
<rely>false</rely>
<discriminatorColumn>599A9A0F-87F8-4770-FB67-889D18A96526</discriminatorColumn>
<discriminatorValue>K</discriminatorValue>
<columnDependencyConstraintGenerateInDDL>true</columnDependencyConstraintGenerateInDDL>
</FKIndexAssociation>