<?xml version = '1.0' encoding = 'UTF-8'?>
<FKIndexAssociation class="oracle.dbtools.crest.model.design.relational.FKIndexAssociation" directorySegmentName="seg_0" id="B86A8C4C-49DD-32F1-7451-B3562B38421E" containerWithKeyObject="45361194-B397-CDE3-2F8D-7790503F078E" localFKIndex="39686122-C737-6F9A-7B19-2D626DE40533" name="ZAMESTNANEC_Bank_FK">
<createdBy>razbo</createdBy>
<createdTime>2022-12-05 20:20:59 UTC</createdTime>
<generatorID>B72EDCDA-D777-90D8-7E64-49A1876D88C5</generatorID>
<ownerDesignName>semPraceDataBase</ownerDesignName>
<referredTableLongName>Bank</referredTableLongName>
<deleteRule>NO ACTION</deleteRule>
<referredTableID>8696CC67-1900-0C94-AA7C-E06BA42B1F3F</referredTableID>
<keyObject>CADE3F02-62CB-6744-8F64-A77464D048AA</keyObject>
<referredKeyID>CADE3F02-62CB-6744-8F64-A77464D048AA</referredKeyID>
<mandatory>true</mandatory>
<refColNames>id_bank</refColNames>
<transferable>true</transferable>
<rely>false</rely>
<columnDependencyConstraintGenerateInDDL>true</columnDependencyConstraintGenerateInDDL>
</FKIndexAssociation>