<?xml version = '1.0' encoding = 'UTF-8'?>
<FKIndexAssociation class="oracle.dbtools.crest.model.design.relational.FKIndexAssociation" directorySegmentName="seg_0" id="BB76B639-E147-549D-4B30-595879F87885" containerWithKeyObject="3C57AC0C-09C4-8D1A-7458-0F2578BFCE5A" localFKIndex="BA92ABBA-5CE6-9F52-E3E2-ED83BABDD605" name="SCHUZKA_STATUS_FK">
<createdBy>razbo</createdBy>
<createdTime>2022-12-05 20:20:59 UTC</createdTime>
<generatorID>AAA07851-19E2-55D4-D1D5-0A02FEE8529C</generatorID>
<ownerDesignName>semPraceDataBase</ownerDesignName>
<referredTableLongName>STATUS</referredTableLongName>
<deleteRule>NO ACTION</deleteRule>
<referredTableID>2D2D8232-F327-828D-14F1-06ABEB1E7993</referredTableID>
<keyObject>056B9E87-FD6D-E4D4-036E-8EE816E06172</keyObject>
<referredKeyID>056B9E87-FD6D-E4D4-036E-8EE816E06172</referredKeyID>
<mandatory>true</mandatory>
<refColNames>id_status</refColNames>
<transferable>true</transferable>
<rely>false</rely>
<columnDependencyConstraintGenerateInDDL>true</columnDependencyConstraintGenerateInDDL>
</FKIndexAssociation>