<?xml version = '1.0' encoding = 'UTF-8'?>
<FKIndexAssociation class="oracle.dbtools.crest.model.design.relational.FKIndexAssociation" directorySegmentName="seg_0" id="BCAAB2FC-080A-68C4-F448-B918231FED83" containerWithKeyObject="74DEE386-C9E6-5145-B53B-E42C309A5D5F" localFKIndex="6B3CA55B-03BF-04F7-CB20-DBEFAA9D5AB4" name="POBOCKA_Bank_FK">
<createdBy>razbo</createdBy>
<createdTime>2022-12-05 20:20:59 UTC</createdTime>
<generatorID>2C29B580-6632-8488-4CAD-F1DCA0E14666</generatorID>
<ownerDesignName>semPraceDataBase</ownerDesignName>
<referredTableLongName>Bank</referredTableLongName>
<deleteRule>NO ACTION</deleteRule>
<referredTableID>8696CC67-1900-0C94-AA7C-E06BA42B1F3F</referredTableID>
<keyObject>CADE3F02-62CB-6744-8F64-A77464D048AA</keyObject>
<referredKeyID>CADE3F02-62CB-6744-8F64-A77464D048AA</referredKeyID>
<mandatory>true</mandatory>
<refColNames>id_bank</refColNames>
<transferable>true</transferable>
<rely>false</rely>
<columnDependencyConstraintGenerateInDDL>true</columnDependencyConstraintGenerateInDDL>
</FKIndexAssociation>