<?xml version = '1.0' encoding = 'UTF-8'?>
<FKIndexAssociation class="oracle.dbtools.crest.model.design.relational.FKIndexAssociation" directorySegmentName="seg_0" id="C2A1E1FD-1C35-F7B2-03E1-56FB09CAC5D7" containerWithKeyObject="3C57AC0C-09C4-8D1A-7458-0F2578BFCE5A" localFKIndex="212E05A2-4ECE-6965-D17E-A3998FB50C8D" name="SCHUZKA_POBOCKA_FK">
<createdBy>razbo</createdBy>
<createdTime>2022-12-05 20:20:59 UTC</createdTime>
<generatorID>3AAB583C-DB6B-A012-0376-C946567A5D0B</generatorID>
<ownerDesignName>semPraceDataBase</ownerDesignName>
<referredTableLongName>POBOCKA</referredTableLongName>
<deleteRule>NO ACTION</deleteRule>
<referredTableID>74DEE386-C9E6-5145-B53B-E42C309A5D5F</referredTableID>
<keyObject>B497F68E-D5F1-C424-39E6-0EA254ED6B7E</keyObject>
<referredKeyID>B497F68E-D5F1-C424-39E6-0EA254ED6B7E</referredKeyID>
<mandatory>true</mandatory>
<refColNames>id_pobocka</refColNames>
<transferable>true</transferable>
<rely>false</rely>
<columnDependencyConstraintGenerateInDDL>true</columnDependencyConstraintGenerateInDDL>
</FKIndexAssociation>