<?xml version = '1.0' encoding = 'UTF-8'?>
<FKIndexAssociation class="oracle.dbtools.crest.model.design.relational.FKIndexAssociation" directorySegmentName="seg_0" id="C2D609BC-9FAC-3AB8-B296-8D8BB0F9D61B" containerWithKeyObject="74DEE386-C9E6-5145-B53B-E42C309A5D5F" localFKIndex="55AE407A-97EB-995A-AEE5-8AE8F1BB35A5" name="POBOCKA_STATUS_FK">
<createdBy>razbo</createdBy>
<createdTime>2022-12-05 20:20:59 UTC</createdTime>
<generatorID>3ABE5479-AB9A-7BDD-FC77-0AEF526E24FE</generatorID>
<ownerDesignName>semPraceDataBase</ownerDesignName>
<referredTableLongName>STATUS</referredTableLongName>
<deleteRule>NO ACTION</deleteRule>
<referredTableID>2D2D8232-F327-828D-14F1-06ABEB1E7993</referredTableID>
<keyObject>056B9E87-FD6D-E4D4-036E-8EE816E06172</keyObject>
<referredKeyID>056B9E87-FD6D-E4D4-036E-8EE816E06172</referredKeyID>
<mandatory>true</mandatory>
<refColNames>id_status</refColNames>
<transferable>true</transferable>
<rely>false</rely>
<columnDependencyConstraintGenerateInDDL>true</columnDependencyConstraintGenerateInDDL>
</FKIndexAssociation>