<?xml version = '1.0' encoding = 'UTF-8'?>
<FKIndexAssociation class="oracle.dbtools.crest.model.design.relational.FKIndexAssociation" directorySegmentName="seg_0" id="CEF591EE-CF9B-DAD3-BC68-C22DE92A1264" containerWithKeyObject="6EDE3B72-D090-5041-1A08-4351D41F9CD1" localFKIndex="91D34C9A-AA85-42F6-C5D2-35C1642F72B5" name="BANKOMAT_Bank_FK">
<createdBy>razbo</createdBy>
<createdTime>2022-12-05 20:20:59 UTC</createdTime>
<generatorID>11E69B56-1AB2-92E8-A1AA-69EA078FC613</generatorID>
<ownerDesignName>semPraceDataBase</ownerDesignName>
<referredTableLongName>Bank</referredTableLongName>
<deleteRule>NO ACTION</deleteRule>
<referredTableID>8696CC67-1900-0C94-AA7C-E06BA42B1F3F</referredTableID>
<keyObject>CADE3F02-62CB-6744-8F64-A77464D048AA</keyObject>
<referredKeyID>CADE3F02-62CB-6744-8F64-A77464D048AA</referredKeyID>
<mandatory>true</mandatory>
<refColNames>id_bank</refColNames>
<transferable>true</transferable>
<rely>false</rely>
<columnDependencyConstraintGenerateInDDL>true</columnDependencyConstraintGenerateInDDL>
</FKIndexAssociation>