<?xml version = '1.0' encoding = 'UTF-8'?>
<FKIndexAssociation class="oracle.dbtools.crest.model.design.relational.FKIndexAssociation" directorySegmentName="seg_0" id="DB60B922-6D28-D547-DC4E-065C79607974" containerWithKeyObject="5560E146-CC0D-6B47-2B31-9B89B2F9556C" localFKIndex="1701C090-239D-9FFB-E2DF-063D2704D17E" name="Karta_UCET_FK">
<createdBy>razbo</createdBy>
<createdTime>2022-12-05 20:20:59 UTC</createdTime>
<generatorID>187B25B6-4248-BBB9-21F5-B8A0B4F05B71</generatorID>
<ownerDesignName>semPraceDataBase</ownerDesignName>
<referredTableLongName>UCET</referredTableLongName>
<deleteRule>NO ACTION</deleteRule>
<referredTableID>D917463E-810B-F714-39B4-C2523DD895C8</referredTableID>
<keyObject>2CBFA4B9-5F42-8E77-C2AF-F1EA3DF1506C</keyObject>
<referredKeyID>2CBFA4B9-5F42-8E77-C2AF-F1EA3DF1506C</referredKeyID>
<mandatory>true</mandatory>
<refColNames>id_ucet</refColNames>
<transferable>true</transferable>
<rely>false</rely>
<columnDependencyConstraintGenerateInDDL>true</columnDependencyConstraintGenerateInDDL>
</FKIndexAssociation>