<?xml version = '1.0' encoding = 'UTF-8'?>
<FKIndexAssociation class="oracle.dbtools.crest.model.design.relational.FKIndexAssociation" directorySegmentName="seg_0" id="DFCDF2BD-2887-6295-09E7-91F792406BD5" containerWithKeyObject="FE3C00B7-6D3F-7E10-5B3B-67FFB54AF2A3" localFKIndex="2E6D34D3-5FE9-DC52-CBB6-1541C8697766" name="Zustatek_UCET_FK">
<createdBy>razbo</createdBy>
<createdTime>2022-12-05 20:20:59 UTC</createdTime>
<generatorID>B21C59BA-31BC-A2E8-14C0-9C7408CBE789</generatorID>
<ownerDesignName>semPraceDataBase</ownerDesignName>
<referredTableLongName>UCET</referredTableLongName>
<deleteRule>NO ACTION</deleteRule>
<referredTableID>D917463E-810B-F714-39B4-C2523DD895C8</referredTableID>
<keyObject>2CBFA4B9-5F42-8E77-C2AF-F1EA3DF1506C</keyObject>
<referredKeyID>2CBFA4B9-5F42-8E77-C2AF-F1EA3DF1506C</referredKeyID>
<mandatory>true</mandatory>
<refColNames>id_ucet</refColNames>
<transferable>true</transferable>
<rely>false</rely>
<columnDependencyConstraintGenerateInDDL>true</columnDependencyConstraintGenerateInDDL>
</FKIndexAssociation>