<?xml version = '1.0' encoding = 'UTF-8'?>
<FKIndexAssociation class="oracle.dbtools.crest.model.design.relational.FKIndexAssociation" directorySegmentName="seg_0" id="E95A1EB7-995A-8EF1-8B89-C19EAA367F9C" containerWithKeyObject="67AA724C-BDBC-B69B-DF12-5D5CCC93C5FD" localFKIndex="9DAFF0CB-7765-8D79-AF1B-3E78F63052BA" name="Klient_ZAMESTNANEC_FK">
<createdBy>razbo</createdBy>
<createdTime>2022-12-05 20:20:59 UTC</createdTime>
<generatorID>337EA408-304F-AE37-631E-CAB47813E971</generatorID>
<ownerDesignName>semPraceDataBase</ownerDesignName>
<referredTableLongName>ZAMESTNANEC</referredTableLongName>
<deleteRule>NO ACTION</deleteRule>
<referredTableID>45361194-B397-CDE3-2F8D-7790503F078E</referredTableID>
<keyObject>60FC9719-85A3-1AAC-1F67-8F967297FEFE</keyObject>
<referredKeyID>60FC9719-85A3-1AAC-1F67-8F967297FEFE</referredKeyID>
<mandatory>true</mandatory>
<refColNames>id_zamestnanec</refColNames>
<transferable>true</transferable>
<rely>false</rely>
<columnDependencyConstraintGenerateInDDL>true</columnDependencyConstraintGenerateInDDL>
</FKIndexAssociation>