<?xml version = '1.0' encoding = 'UTF-8'?>
<FKIndexAssociation class="oracle.dbtools.crest.model.design.relational.FKIndexAssociation" directorySegmentName="seg_0" id="FE0993AC-AF99-5B85-A0AE-B93441EE5426" containerWithKeyObject="F0DB6AB9-4ED9-B92F-1CE4-4FA617320C43" localFKIndex="8413A9A6-86CE-D487-9255-F2A925DE669D" name="OPERACE_STATUS_FK">
<createdBy>razbo</createdBy>
<createdTime>2022-12-05 20:20:59 UTC</createdTime>
<generatorID>3B1D5BDF-6B62-E14B-BE65-0435DBE6B0EA</generatorID>
<ownerDesignName>semPraceDataBase</ownerDesignName>
<referredTableLongName>STATUS</referredTableLongName>
<deleteRule>NO ACTION</deleteRule>
<referredTableID>2D2D8232-F327-828D-14F1-06ABEB1E7993</referredTableID>
<keyObject>056B9E87-FD6D-E4D4-036E-8EE816E06172</keyObject>
<referredKeyID>056B9E87-FD6D-E4D4-036E-8EE816E06172</referredKeyID>
<mandatory>true</mandatory>
<refColNames>id_status</refColNames>
<transferable>true</transferable>
<rely>false</rely>
<columnDependencyConstraintGenerateInDDL>true</columnDependencyConstraintGenerateInDDL>
</FKIndexAssociation>