<?xml version = '1.0' encoding = 'UTF-8'?>
<FKIndexAssociation class="oracle.dbtools.crest.model.design.relational.FKIndexAssociation" directorySegmentName="seg_0" id="272837B2-57EB-3EBD-BF61-7089DB64E2BF" containerWithKeyObject="5A0AD7D8-CAB4-D230-E474-D13CC5BAECB2" localFKIndex="82308C61-5A09-1BD5-B7E3-6411CA278A61" name="POBOCKA_Bank_FK">
<createdBy>razbo</createdBy>
<createdTime>2023-11-02 17:42:24 UTC</createdTime>
<generatorID>2C29B580-6632-8488-4CAD-F1DCA0E14666</generatorID>
<ownerDesignName>semPraceDataBase</ownerDesignName>
<referredTableLongName>Bank</referredTableLongName>
<deleteRule>NO ACTION</deleteRule>
<referredTableID>36859094-3CCE-D286-A709-720DC2BBF0A3</referredTableID>
<keyObject>8A4267F3-A8A6-8370-A7C6-7A2F8862BD58</keyObject>
<referredKeyID>8A4267F3-A8A6-8370-A7C6-7A2F8862BD58</referredKeyID>
<mandatory>true</mandatory>
<refColNames>id_bank</refColNames>
<transferable>true</transferable>
<rely>false</rely>
<columnDependencyConstraintGenerateInDDL>true</columnDependencyConstraintGenerateInDDL>
</FKIndexAssociation>