<?xml version = '1.0' encoding = 'UTF-8'?>
<FKIndexAssociation class="oracle.dbtools.crest.model.design.relational.FKIndexAssociation" directorySegmentName="seg_0" id="32D39070-8AFC-31B5-B791-78082B25E849" containerWithKeyObject="A331ACCF-A847-CA79-F9B0-6691F06F1098" localFKIndex="8A37B582-24EA-85A2-E143-735E88FDD033" name="kreditni_karta_Karta_FK">
<createdBy>razbo</createdBy>
<createdTime>2023-11-02 17:42:24 UTC</createdTime>
<generatorID>9E2C08DA-565E-ECCD-4E44-7AD3F1FA70B9</generatorID>
<ownerDesignName>semPraceDataBase</ownerDesignName>
<referredTableLongName>Karta</referredTableLongName>
<arc>F23B6AA4-8030-890B-E911-E5A4B1D236EB</arc>
<deleteRule>NO ACTION</deleteRule>
<referredTableID>9625A84F-7F0D-214C-C3F2-172EDC363ED7</referredTableID>
<keyObject>A6F69B55-552A-97F6-16CD-5A026306B35B</keyObject>
<referredKeyID>A6F69B55-552A-97F6-16CD-5A026306B35B</referredKeyID>
<mandatory>true</mandatory>
<refColNames>id_karta</refColNames>
<transferable>true</transferable>
<rely>false</rely>
<columnDependencyConstraintGenerateInDDL>true</columnDependencyConstraintGenerateInDDL>
</FKIndexAssociation>