<?xml version = '1.0' encoding = 'UTF-8'?>
<FKIndexAssociation class="oracle.dbtools.crest.model.design.relational.FKIndexAssociation" directorySegmentName="seg_0" id="7AF39CB2-0F12-5876-00C5-DB569567785B" containerWithKeyObject="2CF1907B-8DD4-1BB5-2DBE-6F78513A1CF6" localFKIndex="6B73925D-4F0A-20E6-9903-6AA51140C4CE" name="BANKOMAT_STATUS_FK">
<createdBy>razbo</createdBy>
<createdTime>2023-11-02 17:42:24 UTC</createdTime>
<generatorID>3AD819A1-C1EF-F714-1676-B0C707712F66</generatorID>
<ownerDesignName>semPraceDataBase</ownerDesignName>
<referredTableLongName>STATUS</referredTableLongName>
<deleteRule>NO ACTION</deleteRule>
<referredTableID>D97C4937-66BB-71EF-7621-B5686C6BA2D6</referredTableID>
<keyObject>E91796FA-3261-6F8E-6A47-9A7AA1262F3A</keyObject>
<referredKeyID>E91796FA-3261-6F8E-6A47-9A7AA1262F3A</referredKeyID>
<mandatory>true</mandatory>
<refColNames>id_status</refColNames>
<transferable>true</transferable>
<rely>false</rely>
<columnDependencyConstraintGenerateInDDL>true</columnDependencyConstraintGenerateInDDL>
</FKIndexAssociation>