<?xml version = '1.0' encoding = 'UTF-8'?>
<FKIndexAssociation class="oracle.dbtools.crest.model.design.relational.FKIndexAssociation" directorySegmentName="seg_0" id="B5ED3005-5700-355D-5413-B71D56198429" containerWithKeyObject="B312DB97-AA4C-960C-7BCF-3463FF5DFD60" localFKIndex="45DD5F18-2AB6-1BDB-45BE-373364B76C26" name="LOGIN_Klient_FK">
<createdBy>Relaiz</createdBy>
<createdTime>2023-11-05 15:37:10 UTC</createdTime>
<generatorID>8BE44793-3830-5242-A69B-344A41549714</generatorID>
<ownerDesignName>semPraceDataBase</ownerDesignName>
<referredTableLongName>Klient</referredTableLongName>
<deleteRule>NO ACTION</deleteRule>
<referredTableID>1B23F924-30A4-A87E-AF20-C00E82C8D1DF</referredTableID>
<keyObject>DB981330-BDBB-CEAB-D1FF-4C56246B247D</keyObject>
<referredKeyID>DB981330-BDBB-CEAB-D1FF-4C56246B247D</referredKeyID>
<mandatory>true</mandatory>
<refColNames>id_klient</refColNames>
<transferable>true</transferable>
<rely>false</rely>
<columnDependencyConstraintGenerateInDDL>true</columnDependencyConstraintGenerateInDDL>
</FKIndexAssociation>
