<?xml version = '1.0' encoding = 'UTF-8'?>
<FKIndexAssociation class="oracle.dbtools.crest.model.design.relational.FKIndexAssociation" directorySegmentName="seg_0" id="D0F43653-2D20-F186-A690-353342CD8319" containerWithKeyObject="734ED027-8F5A-BB02-C40E-BC51F3788DEB" localFKIndex="6641359B-F814-EF43-B0BB-74A77D19DE92" name="KLIENT_SCHUZKA_Klient_FK">
<createdBy>razbo</createdBy>
<createdTime>2023-11-02 17:42:24 UTC</createdTime>
<generatorID>3FEF4F5A-A7AC-702F-FC66-FD1D9D8BDC88</generatorID>
<ownerDesignName>semPraceDataBase</ownerDesignName>
<referredTableLongName>Klient</referredTableLongName>
<deleteRule>NO ACTION</deleteRule>
<referredTableID>1B23F924-30A4-A87E-AF20-C00E82C8D1DF</referredTableID>
<keyObject>DB981330-BDBB-CEAB-D1FF-4C56246B247D</keyObject>
<referredKeyID>DB981330-BDBB-CEAB-D1FF-4C56246B247D</referredKeyID>
<mandatory>true</mandatory>
<refColNames>id_klient</refColNames>
<transferable>true</transferable>
<rely>false</rely>
<columnDependencyConstraintGenerateInDDL>true</columnDependencyConstraintGenerateInDDL>
</FKIndexAssociation>