<?xml version = '1.0' encoding = 'UTF-8'?>
<Table class="oracle.dbtools.crest.model.design.relational.Table" directorySegmentName="seg_0" id="2AE1BFD5-3E37-43C2-B81A-E76BF4352640" name="kreditni_karta">
<createdBy>razbo</createdBy>
<createdTime>2022-12-05 20:20:59 UTC</createdTime>
<generatorID>B6BFBD19-3887-66DE-6160-5CFD7A036ED3</generatorID>
<ownerDesignName>semPraceDataBase</ownerDesignName>
<allowColumnReorder>false</allowColumnReorder>
<existDependencyGenerateInDDl>true</existDependencyGenerateInDDl>
<parsed>true</parsed>
<columns itemClass="oracle.dbtools.crest.model.design.relational.Column">
<Column name="id_karta" id="31D844ED-ECF8-AD73-F953-1208F5D8AA71">
<createdBy>razbo</createdBy>
<createdTime>2022-12-05 20:20:59 UTC</createdTime>
<generatorID>826EC056-A457-6FEC-D96B-EFC863EC4FDD</generatorID>
<ownerDesignName>semPraceDataBase</ownerDesignName>
<useDomainConstraints>false</useDomainConstraints>
<use>1</use>
<logicalDatatype>LOGDT019</logicalDatatype>
<ownDataTypeParameters>,,</ownDataTypeParameters>
<autoIncrementCycle>false</autoIncrementCycle>
<associations>
<colAssociation fkAssociation="B8530772-3AC8-2A87-7752-0AE37F47E83D" referredColumn="4FAA9A0B-C498-9ADE-42CA-089B0CEADF63"/>
</associations>
</Column>
<Column name="uverzovy_limit" id="9D9B7D32-BBF8-76C6-F242-5A8346260517">
<createdBy>razbo</createdBy>
<createdTime>2022-12-05 20:20:59 UTC</createdTime>
<generatorID>255F562C-EBF0-5D97-BB1C-8C33F4425C2A</generatorID>
<ownerDesignName>semPraceDataBase</ownerDesignName>
<useDomainConstraints>false</useDomainConstraints>
<use>1</use>
<logicalDatatype>LOGDT019</logicalDatatype>
<ownDataTypeParameters>,,</ownDataTypeParameters>
<autoIncrementCycle>false</autoIncrementCycle>
</Column>
<Column name="bezurocne_obdobi" id="D5DF4646-2338-AF6A-A917-C2220E40E48A">
<createdBy>razbo</createdBy>
<createdTime>2022-12-05 20:20:59 UTC</createdTime>
<generatorID>1E8840C3-B568-73C3-C327-41FC4F8986D3</generatorID>
<ownerDesignName>semPraceDataBase</ownerDesignName>
<useDomainConstraints>false</useDomainConstraints>
<use>1</use>
<logicalDatatype>LOGDT019</logicalDatatype>
<ownDataTypeParameters>,,</ownDataTypeParameters>
<autoIncrementCycle>false</autoIncrementCycle>
</Column>
<Column name="urokova_sazba" id="4CBA1723-CEEC-06FA-D372-5B3C0DD4CA40">
<createdBy>razbo</createdBy>
<createdTime>2022-12-05 20:20:59 UTC</createdTime>
<generatorID>79966D4F-74D4-9EDD-7F7B-2453BC2050DC</generatorID>
<ownerDesignName>semPraceDataBase</ownerDesignName>
<useDomainConstraints>false</useDomainConstraints>
<use>1</use>
<logicalDatatype>LOGDT019</logicalDatatype>
<ownDataTypeParameters>,,</ownDataTypeParameters>
<autoIncrementCycle>false</autoIncrementCycle>
</Column>
<Column name="povina_platba_uveru" id="60D3B3A8-DC97-DA6B-6E7D-F8DCEADEEFE2">
<createdBy>razbo</createdBy>
<createdTime>2022-12-05 20:20:59 UTC</createdTime>
<generatorID>D40DCDF1-CEDF-563D-A4F8-320BC0A0845C</generatorID>
<ownerDesignName>semPraceDataBase</ownerDesignName>
<useDomainConstraints>false</useDomainConstraints>
<use>1</use>
<logicalDatatype>LOGDT019</logicalDatatype>
<ownDataTypeParameters>,,</ownDataTypeParameters>
<autoIncrementCycle>false</autoIncrementCycle>
</Column>
</columns>
<indexes itemClass="oracle.dbtools.crest.model.design.relational.Index">
<ind_PK_UK id="1132A40F-A9DC-2C5F-07EA-CBB8AF97DAB0" name="kreditni_karta_PK">
<createdBy>razbo</createdBy>
<createdTime>2022-12-05 20:20:59 UTC</createdTime>
<generatorID>786208EC-00A6-CE79-D836-CFF9B87F5865</generatorID>
<ownerDesignName>semPraceDataBase</ownerDesignName>
<pk>true</pk>
<indexState>Primary Constraint</indexState>
<isSurrogateKey>false</isSurrogateKey>
<indexColumnUsage>
<colUsage columnID="31D844ED-ECF8-AD73-F953-1208F5D8AA71"/>
</indexColumnUsage>
</ind_PK_UK>
<ind_PK_UK id="25A276FA-CD5D-A650-0395-A83DD7B29273" name="kreditni_karta_Karta_FK">
<createdBy>razbo</createdBy>
<createdTime>2022-12-05 20:20:59 UTC</createdTime>
<generatorID>9E2C08DA-565E-ECCD-4E44-7AD3F1FA70B9</generatorID>
<ownerDesignName>semPraceDataBase</ownerDesignName>
<indexState>Foreign Key</indexState>
<isSurrogateKey>false</isSurrogateKey>
<indexColumnUsage>
<colUsage columnID="31D844ED-ECF8-AD73-F953-1208F5D8AA71"/>
</indexColumnUsage>
</ind_PK_UK>
</indexes>
</Table>