<?xml version = '1.0' encoding = 'UTF-8'?>
<Table class="oracle.dbtools.crest.model.design.relational.Table" directorySegmentName="seg_0" id="2D2D8232-F327-828D-14F1-06ABEB1E7993" name="STATUS">
<createdBy>razbo</createdBy>
<createdTime>2022-12-05 20:20:59 UTC</createdTime>
<generatorID>5091E14C-56F2-EB64-1F5D-A1A92DC30BFE</generatorID>
<ownerDesignName>semPraceDataBase</ownerDesignName>
<allowColumnReorder>false</allowColumnReorder>
<existDependencyGenerateInDDl>true</existDependencyGenerateInDDl>
<parsed>true</parsed>
<columns itemClass="oracle.dbtools.crest.model.design.relational.Column">
<Column name="id_status" id="031E78CA-D0CB-9BEF-887C-DE71C2B8FE5A">
<createdBy>razbo</createdBy>
<createdTime>2022-12-05 20:20:59 UTC</createdTime>
<generatorID>0FD19A55-0E97-4D4E-EB36-0EF6F5527906</generatorID>
<ownerDesignName>semPraceDataBase</ownerDesignName>
<useDomainConstraints>false</useDomainConstraints>
<use>1</use>
<logicalDatatype>LOGDT019</logicalDatatype>
<ownDataTypeParameters>,,</ownDataTypeParameters>
<autoIncrementCycle>false</autoIncrementCycle>
</Column>
<Column name="popis" id="A94B5005-CB07-FEC7-08CE-BFCE43CB713E">
<createdBy>razbo</createdBy>
<createdTime>2022-12-05 20:20:59 UTC</createdTime>
<generatorID>CE6F4C41-18AF-5BCA-9D4E-FCDDC026F3CA</generatorID>
<ownerDesignName>semPraceDataBase</ownerDesignName>
<useDomainConstraints>false</useDomainConstraints>
<use>1</use>
<logicalDatatype>LOGDT024</logicalDatatype>
<dataTypeSize>32</dataTypeSize>
<ownDataTypeParameters>32,,</ownDataTypeParameters>
<autoIncrementCycle>false</autoIncrementCycle>
</Column>
</columns>
<indexes itemClass="oracle.dbtools.crest.model.design.relational.Index">
<ind_PK_UK id="056B9E87-FD6D-E4D4-036E-8EE816E06172" name="STATUS_PK">
<createdBy>razbo</createdBy>
<createdTime>2022-12-05 20:20:59 UTC</createdTime>
<generatorID>8F917EFD-DD49-7EAB-1E04-BC05EAAF745C</generatorID>
<ownerDesignName>semPraceDataBase</ownerDesignName>
<pk>true</pk>
<indexState>Primary Constraint</indexState>
<isSurrogateKey>false</isSurrogateKey>
<indexColumnUsage>
<colUsage columnID="031E78CA-D0CB-9BEF-887C-DE71C2B8FE5A"/>
</indexColumnUsage>
</ind_PK_UK>
</indexes>
</Table>