<?xml version = '1.0' encoding = 'UTF-8'?>
<Table class="oracle.dbtools.crest.model.design.relational.Table" directorySegmentName="seg_0" id="3C57AC0C-09C4-8D1A-7458-0F2578BFCE5A" name="SCHUZKA">
<createdBy>razbo</createdBy>
<createdTime>2022-12-05 20:20:59 UTC</createdTime>
<generatorID>9CFDAF25-D0B4-12DD-3776-B0BB4C2FEF29</generatorID>
<ownerDesignName>semPraceDataBase</ownerDesignName>
<allowColumnReorder>false</allowColumnReorder>
<existDependencyGenerateInDDl>true</existDependencyGenerateInDDl>
<parsed>true</parsed>
<columns itemClass="oracle.dbtools.crest.model.design.relational.Column">
<Column name="id_schuzka" id="2B7FA125-5371-5132-BFDE-BB1DA50CECF3">
<createdBy>razbo</createdBy>
<createdTime>2022-12-05 20:20:59 UTC</createdTime>
<generatorID>07FDA67B-94EE-AEC2-948C-1982A6C3B8A4</generatorID>
<ownerDesignName>semPraceDataBase</ownerDesignName>
<useDomainConstraints>false</useDomainConstraints>
<use>1</use>
<logicalDatatype>LOGDT019</logicalDatatype>
<ownDataTypeParameters>,,</ownDataTypeParameters>
<autoIncrementCycle>false</autoIncrementCycle>
</Column>
<Column name="datum" id="6E9EF5A7-0974-A947-44B2-C37190B19386">
<createdBy>razbo</createdBy>
<createdTime>2022-12-05 20:20:59 UTC</createdTime>
<generatorID>94502178-A5E2-6A60-30CD-EFD7134BE81A</generatorID>
<ownerDesignName>semPraceDataBase</ownerDesignName>
<useDomainConstraints>false</useDomainConstraints>
<use>1</use>
<logicalDatatype>LOGDT007</logicalDatatype>
<ownDataTypeParameters>,,</ownDataTypeParameters>
<autoIncrementCycle>false</autoIncrementCycle>
</Column>
<Column name="id_pobocka" id="FFA016DA-AC61-DEEF-3124-99F13EFA4064">
<createdBy>razbo</createdBy>
<createdTime>2022-12-05 20:20:59 UTC</createdTime>
<generatorID>375422FD-3ADB-E7AF-3CE8-A438942F7E2B</generatorID>
<ownerDesignName>semPraceDataBase</ownerDesignName>
<useDomainConstraints>false</useDomainConstraints>
<use>1</use>
<logicalDatatype>LOGDT019</logicalDatatype>
<ownDataTypeParameters>,,</ownDataTypeParameters>
<previousColumn>false</previousColumn>
<autoIncrementCycle>false</autoIncrementCycle>
<associations>
<colAssociation fkAssociation="C2A1E1FD-1C35-F7B2-03E1-56FB09CAC5D7" referredColumn="9B22DB3E-5C6A-1AB4-AD73-21E94DD13841"/>
</associations>
</Column>
<Column name="id_status" id="079D229F-E62E-FBDD-5895-82AA10175311">
<createdBy>razbo</createdBy>
<createdTime>2022-12-05 20:20:59 UTC</createdTime>
<generatorID>09CE2745-E23C-681A-C40B-CF297A23CBBD</generatorID>
<ownerDesignName>semPraceDataBase</ownerDesignName>
<useDomainConstraints>false</useDomainConstraints>
<use>1</use>
<logicalDatatype>LOGDT019</logicalDatatype>
<ownDataTypeParameters>,,</ownDataTypeParameters>
<previousColumn>false</previousColumn>
<autoIncrementCycle>false</autoIncrementCycle>
<associations>
<colAssociation fkAssociation="BB76B639-E147-549D-4B30-595879F87885" referredColumn="031E78CA-D0CB-9BEF-887C-DE71C2B8FE5A"/>
</associations>
</Column>
</columns>
<indexes itemClass="oracle.dbtools.crest.model.design.relational.Index">
<ind_PK_UK id="4B1498D3-8320-DF3A-F4DE-C040F8C5A531" name="SCHUZKA_PK">
<createdBy>razbo</createdBy>
<createdTime>2022-12-05 20:20:59 UTC</createdTime>
<generatorID>45C56A0E-1FB3-6D23-D89B-D0601B4C52E2</generatorID>
<ownerDesignName>semPraceDataBase</ownerDesignName>
<pk>true</pk>
<indexState>Primary Constraint</indexState>
<isSurrogateKey>false</isSurrogateKey>
<indexColumnUsage>
<colUsage columnID="2B7FA125-5371-5132-BFDE-BB1DA50CECF3"/>
</indexColumnUsage>
</ind_PK_UK>
<ind_PK_UK id="212E05A2-4ECE-6965-D17E-A3998FB50C8D" name="SCHUZKA_POBOCKA_FK">
<createdBy>razbo</createdBy>
<createdTime>2022-12-05 20:20:59 UTC</createdTime>
<generatorID>3AAB583C-DB6B-A012-0376-C946567A5D0B</generatorID>
<ownerDesignName>semPraceDataBase</ownerDesignName>
<indexState>Foreign Key</indexState>
<isSurrogateKey>false</isSurrogateKey>
<indexColumnUsage>
<colUsage columnID="FFA016DA-AC61-DEEF-3124-99F13EFA4064"/>
</indexColumnUsage>
</ind_PK_UK>
<ind_PK_UK id="BA92ABBA-5CE6-9F52-E3E2-ED83BABDD605" name="SCHUZKA_STATUS_FK">
<createdBy>razbo</createdBy>
<createdTime>2022-12-05 20:20:59 UTC</createdTime>
<generatorID>AAA07851-19E2-55D4-D1D5-0A02FEE8529C</generatorID>
<ownerDesignName>semPraceDataBase</ownerDesignName>
<indexState>Foreign Key</indexState>
<isSurrogateKey>false</isSurrogateKey>
<indexColumnUsage>
<colUsage columnID="079D229F-E62E-FBDD-5895-82AA10175311"/>
</indexColumnUsage>
</ind_PK_UK>
</indexes>
</Table>