<?xml version = '1.0' encoding = 'UTF-8'?>
<Table class="oracle.dbtools.crest.model.design.relational.Table" directorySegmentName="seg_0" id="405591EB-5A3F-F2DB-3611-87306B7DD30E" name="debetni_karta">
<createdBy>razbo</createdBy>
<createdTime>2022-12-05 20:20:59 UTC</createdTime>
<generatorID>9BFDE282-6745-B8C5-56DE-7783A1055E36</generatorID>
<ownerDesignName>semPraceDataBase</ownerDesignName>
<allowColumnReorder>false</allowColumnReorder>
<existDependencyGenerateInDDl>true</existDependencyGenerateInDDl>
<parsed>true</parsed>
<columns itemClass="oracle.dbtools.crest.model.design.relational.Column">
<Column name="id_karta" id="CCEDE9F2-A803-0F49-CF10-A98DB7533CF2">
<createdBy>razbo</createdBy>
<createdTime>2022-12-05 20:20:59 UTC</createdTime>
<generatorID>826EC056-A457-6FEC-D96B-EFC863EC4FDD</generatorID>
<ownerDesignName>semPraceDataBase</ownerDesignName>
<useDomainConstraints>false</useDomainConstraints>
<use>1</use>
<logicalDatatype>LOGDT019</logicalDatatype>
<ownDataTypeParameters>,,</ownDataTypeParameters>
<autoIncrementCycle>false</autoIncrementCycle>
<associations>
<colAssociation fkAssociation="7EF98C10-E44E-0C08-D23B-3CF15FADEFC7" referredColumn="4FAA9A0B-C498-9ADE-42CA-089B0CEADF63"/>
</associations>
</Column>
<Column name="limit" id="E8E2F58D-BF56-8193-8BAE-E540C3ECA802">
<createdBy>razbo</createdBy>
<createdTime>2022-12-05 20:20:59 UTC</createdTime>
<generatorID>2F6A286F-9146-4116-0496-2DF91E5B7B14</generatorID>
<ownerDesignName>semPraceDataBase</ownerDesignName>
<useDomainConstraints>false</useDomainConstraints>
<use>1</use>
<logicalDatatype>LOGDT019</logicalDatatype>
<ownDataTypeParameters>,,</ownDataTypeParameters>
<autoIncrementCycle>false</autoIncrementCycle>
</Column>
</columns>
<indexes itemClass="oracle.dbtools.crest.model.design.relational.Index">
<ind_PK_UK id="FD0E3545-ECF0-6EE7-9553-0AA76C40CC1D" name="debetni_karta_PK">
<createdBy>razbo</createdBy>
<createdTime>2022-12-05 20:20:59 UTC</createdTime>
<generatorID>786208EC-00A6-CE79-D836-CFF9B87F5865</generatorID>
<ownerDesignName>semPraceDataBase</ownerDesignName>
<pk>true</pk>
<indexState>Primary Constraint</indexState>
<isSurrogateKey>false</isSurrogateKey>
<indexColumnUsage>
<colUsage columnID="CCEDE9F2-A803-0F49-CF10-A98DB7533CF2"/>
</indexColumnUsage>
</ind_PK_UK>
<ind_PK_UK id="D8E00462-0A06-65F9-3BD9-A3F6BB2322B2" name="debetni_karta_Karta_FK">
<createdBy>razbo</createdBy>
<createdTime>2022-12-05 20:20:59 UTC</createdTime>
<generatorID>2353A086-9ECA-D7E0-FC5D-75B66EF5F36E</generatorID>
<ownerDesignName>semPraceDataBase</ownerDesignName>
<indexState>Foreign Key</indexState>
<isSurrogateKey>false</isSurrogateKey>
<indexColumnUsage>
<colUsage columnID="CCEDE9F2-A803-0F49-CF10-A98DB7533CF2"/>
</indexColumnUsage>
</ind_PK_UK>
</indexes>
</Table>