<?xml version = '1.0' encoding = 'UTF-8'?>
<Table class="oracle.dbtools.crest.model.design.relational.Table" directorySegmentName="seg_0" id="45361194-B397-CDE3-2F8D-7790503F078E" name="ZAMESTNANEC">
<createdBy>razbo</createdBy>
<createdTime>2022-12-05 20:20:59 UTC</createdTime>
<generatorID>BF3EDEF1-0743-8F11-2A37-3EA90AA99E74</generatorID>
<ownerDesignName>semPraceDataBase</ownerDesignName>
<allowColumnReorder>false</allowColumnReorder>
<existDependencyGenerateInDDl>true</existDependencyGenerateInDDl>
<parsed>true</parsed>
<columns itemClass="oracle.dbtools.crest.model.design.relational.Column">
<Column name="id_zamestnanec" id="42E532FF-2738-9FDA-DE1E-ABFF63910057">
<createdBy>razbo</createdBy>
<createdTime>2022-12-05 20:20:59 UTC</createdTime>
<generatorID>8C93F709-BA40-5F61-2F81-243B7BAC8762</generatorID>
<ownerDesignName>semPraceDataBase</ownerDesignName>
<useDomainConstraints>false</useDomainConstraints>
<use>1</use>
<logicalDatatype>LOGDT019</logicalDatatype>
<ownDataTypeParameters>,,</ownDataTypeParameters>
<autoIncrementCycle>false</autoIncrementCycle>
</Column>
<Column name="jmeno" id="358E8767-97A1-0A39-B151-B397117CE263">
<createdBy>razbo</createdBy>
<createdTime>2022-12-05 20:20:59 UTC</createdTime>
<generatorID>FB893DD2-69FF-BCDE-E8B0-FC2304C45BA9</generatorID>
<ownerDesignName>semPraceDataBase</ownerDesignName>
<useDomainConstraints>false</useDomainConstraints>
<use>1</use>
<logicalDatatype>LOGDT024</logicalDatatype>
<dataTypeSize>32</dataTypeSize>
<ownDataTypeParameters>32,,</ownDataTypeParameters>
<autoIncrementCycle>false</autoIncrementCycle>
</Column>
<Column name="prijmeni" id="0CDDE770-D430-EF7C-2B2C-1C72E90BD753">
<createdBy>razbo</createdBy>
<createdTime>2022-12-05 20:20:59 UTC</createdTime>
<generatorID>A3DE6E4D-7840-BB6F-3F16-A68625B26370</generatorID>
<ownerDesignName>semPraceDataBase</ownerDesignName>
<useDomainConstraints>false</useDomainConstraints>
<use>1</use>
<logicalDatatype>LOGDT024</logicalDatatype>
<dataTypeSize>32</dataTypeSize>
<ownDataTypeParameters>32,,</ownDataTypeParameters>
<autoIncrementCycle>false</autoIncrementCycle>
</Column>
<Column name="mzda" id="DF27822B-BAA2-AB3E-7859-B1DB40820E49">
<createdBy>razbo</createdBy>
<createdTime>2022-12-05 20:20:59 UTC</createdTime>
<generatorID>BCCD2577-6531-BEC7-3F73-5ACD4C5C3CAC</generatorID>
<ownerDesignName>semPraceDataBase</ownerDesignName>
<useDomainConstraints>false</useDomainConstraints>
<use>1</use>
<logicalDatatype>LOGDT019</logicalDatatype>
<ownDataTypeParameters>,,</ownDataTypeParameters>
<autoIncrementCycle>false</autoIncrementCycle>
</Column>
<Column name="funkce" id="46F3D759-743E-4F95-DE2A-8AF41C6D1D1E">
<createdBy>razbo</createdBy>
<createdTime>2022-12-05 20:20:59 UTC</createdTime>
<generatorID>CFD4A1EF-724B-998F-816B-3A7293531348</generatorID>
<ownerDesignName>semPraceDataBase</ownerDesignName>
<useDomainConstraints>false</useDomainConstraints>
<use>1</use>
<logicalDatatype>LOGDT024</logicalDatatype>
<dataTypeSize>32</dataTypeSize>
<ownDataTypeParameters>32,,</ownDataTypeParameters>
<autoIncrementCycle>false</autoIncrementCycle>
</Column>
<Column name="telefoni_cislo" id="88AB95EA-D04E-2562-F109-03DEE0A4CE92">
<createdBy>razbo</createdBy>
<createdTime>2022-12-05 20:20:59 UTC</createdTime>
<generatorID>3110367C-CF95-3C51-4180-618B0E061D80</generatorID>
<ownerDesignName>semPraceDataBase</ownerDesignName>
<useDomainConstraints>false</useDomainConstraints>
<use>1</use>
<logicalDatatype>LOGDT024</logicalDatatype>
<dataTypeSize>20</dataTypeSize>
<ownDataTypeParameters>20,,</ownDataTypeParameters>
<autoIncrementCycle>false</autoIncrementCycle>
</Column>
<Column name="id_adres" id="DBCD2B7F-A790-0B5E-E03D-D8B6E0E7B107">
<createdBy>razbo</createdBy>
<createdTime>2022-12-05 20:20:59 UTC</createdTime>
<generatorID>B5E21B1A-266C-08D6-FDFB-42E9FBBCE4BE</generatorID>
<ownerDesignName>semPraceDataBase</ownerDesignName>
<useDomainConstraints>false</useDomainConstraints>
<use>1</use>
<logicalDatatype>LOGDT019</logicalDatatype>
<ownDataTypeParameters>,,</ownDataTypeParameters>
<previousColumn>false</previousColumn>
<autoIncrementCycle>false</autoIncrementCycle>
<associations>
<colAssociation fkAssociation="192F4B78-116C-A86C-2019-58CDAF19F2A1" referredColumn="843423BB-BAA3-7B3F-309C-99AC74A667BF"/>
</associations>
</Column>
<Column name="id_bank" id="9D357CB5-D132-BCB7-1E45-9CEE07960507">
<createdBy>razbo</createdBy>
<createdTime>2022-12-05 20:20:59 UTC</createdTime>
<generatorID>65FF4FD7-5025-0F65-F57E-0BFFD382977A</generatorID>
<ownerDesignName>semPraceDataBase</ownerDesignName>
<useDomainConstraints>false</useDomainConstraints>
<use>1</use>
<logicalDatatype>LOGDT019</logicalDatatype>
<ownDataTypeParameters>,,</ownDataTypeParameters>
<previousColumn>false</previousColumn>
<autoIncrementCycle>false</autoIncrementCycle>
<associations>
<colAssociation fkAssociation="B86A8C4C-49DD-32F1-7451-B3562B38421E" referredColumn="9052852C-47BF-D4B7-032E-2779734BE008"/>
</associations>
</Column>
<Column name="id_status" id="924F74A8-3120-75C3-3B2E-274197F77FF2">
<createdBy>razbo</createdBy>
<createdTime>2022-12-05 20:20:59 UTC</createdTime>
<generatorID>0DAC4C03-5AF6-35FC-E74F-FDDBAE9E9DD7</generatorID>
<ownerDesignName>semPraceDataBase</ownerDesignName>
<useDomainConstraints>false</useDomainConstraints>
<use>1</use>
<logicalDatatype>LOGDT019</logicalDatatype>
<ownDataTypeParameters>,,</ownDataTypeParameters>
<previousColumn>false</previousColumn>
<autoIncrementCycle>false</autoIncrementCycle>
<associations>
<colAssociation fkAssociation="B04315C8-0530-4C5E-9C24-05D20058AB7D" referredColumn="031E78CA-D0CB-9BEF-887C-DE71C2B8FE5A"/>
</associations>
</Column>
<Column name="id_pobocka" id="14290934-0180-9188-FAEE-0EF8973E87B2">
<createdBy>razbo</createdBy>
<createdTime>2022-12-05 20:54:37 UTC</createdTime>
<generatorID>9C029A31-B637-64CC-9A54-68C876D4F1AD</generatorID>
<ownerDesignName>semPraceDataBase</ownerDesignName>
<useDomainConstraints>false</useDomainConstraints>
<use>1</use>
<logicalDatatype>LOGDT019</logicalDatatype>
<ownDataTypeParameters>,,</ownDataTypeParameters>
<previousColumn>false</previousColumn>
<autoIncrementCycle>false</autoIncrementCycle>
<associations>
<colAssociation fkAssociation="B566BAEC-0461-D0AF-054C-6BD20D8F42B9" referredColumn="9B22DB3E-5C6A-1AB4-AD73-21E94DD13841"/>
</associations>
</Column>
</columns>
<indexes itemClass="oracle.dbtools.crest.model.design.relational.Index">
<ind_PK_UK id="60FC9719-85A3-1AAC-1F67-8F967297FEFE" name="ZAMESTNANEC_PK">
<createdBy>razbo</createdBy>
<createdTime>2022-12-05 20:20:59 UTC</createdTime>
<generatorID>7EF54A53-4F81-0429-10BA-9DC3A7EEE328</generatorID>
<ownerDesignName>semPraceDataBase</ownerDesignName>
<pk>true</pk>
<indexState>Primary Constraint</indexState>
<isSurrogateKey>false</isSurrogateKey>
<indexColumnUsage>
<colUsage columnID="42E532FF-2738-9FDA-DE1E-ABFF63910057"/>
</indexColumnUsage>
</ind_PK_UK>
<ind_PK_UK id="6FBCED9D-37F9-F120-5A4C-D7BF4932B81A" name="ZAMESTNANEC_ADRESA_FK">
<createdBy>razbo</createdBy>
<createdTime>2022-12-05 20:20:59 UTC</createdTime>
<generatorID>5535D4DA-4EEE-61DF-111B-DA8C6C109184</generatorID>
<ownerDesignName>semPraceDataBase</ownerDesignName>
<indexState>Foreign Key</indexState>
<isSurrogateKey>false</isSurrogateKey>
<indexColumnUsage>
<colUsage columnID="DBCD2B7F-A790-0B5E-E03D-D8B6E0E7B107"/>
</indexColumnUsage>
</ind_PK_UK>
<ind_PK_UK id="39686122-C737-6F9A-7B19-2D626DE40533" name="ZAMESTNANEC_Bank_FK">
<createdBy>razbo</createdBy>
<createdTime>2022-12-05 20:20:59 UTC</createdTime>
<generatorID>B72EDCDA-D777-90D8-7E64-49A1876D88C5</generatorID>
<ownerDesignName>semPraceDataBase</ownerDesignName>
<indexState>Foreign Key</indexState>
<isSurrogateKey>false</isSurrogateKey>
<indexColumnUsage>
<colUsage columnID="9D357CB5-D132-BCB7-1E45-9CEE07960507"/>
</indexColumnUsage>
</ind_PK_UK>
<ind_PK_UK id="967E62F3-AB0B-83AE-6379-A6A6D7142DFB" name="ZAMESTNANEC_STATUS_FK">
<createdBy>razbo</createdBy>
<createdTime>2022-12-05 20:20:59 UTC</createdTime>
<generatorID>6DDF393A-1FDB-561F-3A18-DD285EDD704B</generatorID>
<ownerDesignName>semPraceDataBase</ownerDesignName>
<indexState>Foreign Key</indexState>
<isSurrogateKey>false</isSurrogateKey>
<indexColumnUsage>
<colUsage columnID="924F74A8-3120-75C3-3B2E-274197F77FF2"/>
</indexColumnUsage>
</ind_PK_UK>
<ind_PK_UK id="D0D9B4AA-24B6-0EE1-5997-DE4A30C7EF22" name="ZAMESTNANEC_POBOCKA_FK">
<createdBy>razbo</createdBy>
<createdTime>2022-12-05 20:54:37 UTC</createdTime>
<generatorID>490FDC69-0737-17F4-67B9-3D5364EF5B0E</generatorID>
<ownerDesignName>semPraceDataBase</ownerDesignName>
<indexState>Foreign Key</indexState>
<isSurrogateKey>false</isSurrogateKey>
<indexColumnUsage>
<colUsage columnID="14290934-0180-9188-FAEE-0EF8973E87B2"/>
</indexColumnUsage>
</ind_PK_UK>
</indexes>
</Table>