<?xml version = '1.0' encoding = 'UTF-8'?>
<Table class="oracle.dbtools.crest.model.design.relational.Table" directorySegmentName="seg_0" id="67AA724C-BDBC-B69B-DF12-5D5CCC93C5FD" name="Klient">
<createdBy>razbo</createdBy>
<createdTime>2022-12-05 20:20:59 UTC</createdTime>
<generatorID>380C6C86-03B1-510C-BB29-321ED73B9B1C</generatorID>
<ownerDesignName>semPraceDataBase</ownerDesignName>
<allowColumnReorder>false</allowColumnReorder>
<existDependencyGenerateInDDl>true</existDependencyGenerateInDDl>
<parsed>true</parsed>
<columns itemClass="oracle.dbtools.crest.model.design.relational.Column">
<Column name="id_klient" id="2121410A-B7CB-6E6A-FFFE-53B25F6BCE5D">
<createdBy>razbo</createdBy>
<createdTime>2022-12-05 20:20:59 UTC</createdTime>
<generatorID>E7BCE587-C48A-B40C-FBA5-002C09C64B55</generatorID>
<ownerDesignName>semPraceDataBase</ownerDesignName>
<useDomainConstraints>false</useDomainConstraints>
<use>1</use>
<logicalDatatype>LOGDT019</logicalDatatype>
<ownDataTypeParameters>,,</ownDataTypeParameters>
<autoIncrementCycle>false</autoIncrementCycle>
</Column>
<Column name="cislo_prukazu" id="7974AD93-E354-588A-2184-7BD33CDEB620">
<createdBy>razbo</createdBy>
<createdTime>2022-12-05 20:20:59 UTC</createdTime>
<generatorID>EEBB0472-9515-53C5-FB34-76938A5A3D48</generatorID>
<ownerDesignName>semPraceDataBase</ownerDesignName>
<useDomainConstraints>false</useDomainConstraints>
<use>1</use>
<logicalDatatype>LOGDT019</logicalDatatype>
<ownDataTypeParameters>,,</ownDataTypeParameters>
<autoIncrementCycle>false</autoIncrementCycle>
</Column>
<Column name="jmeno" id="14B773C6-6785-C60F-9A79-C0AD5B3C3214">
<createdBy>razbo</createdBy>
<createdTime>2022-12-05 20:20:59 UTC</createdTime>
<generatorID>14FA396D-907E-0838-CD00-07868228DE57</generatorID>
<ownerDesignName>semPraceDataBase</ownerDesignName>
<useDomainConstraints>false</useDomainConstraints>
<use>1</use>
<logicalDatatype>LOGDT024</logicalDatatype>
<dataTypeSize>32</dataTypeSize>
<ownDataTypeParameters>32,,</ownDataTypeParameters>
<autoIncrementCycle>false</autoIncrementCycle>
</Column>
<Column name="prijmeni" id="691C6201-370F-C924-431E-9E97BB71AA6F">
<createdBy>razbo</createdBy>
<createdTime>2022-12-05 20:20:59 UTC</createdTime>
<generatorID>694C05B6-E4C4-7DDD-29AC-E2B1D1C644C1</generatorID>
<ownerDesignName>semPraceDataBase</ownerDesignName>
<useDomainConstraints>false</useDomainConstraints>
<use>1</use>
<logicalDatatype>LOGDT024</logicalDatatype>
<dataTypeSize>32</dataTypeSize>
<ownDataTypeParameters>32,,</ownDataTypeParameters>
<autoIncrementCycle>false</autoIncrementCycle>
</Column>
<Column name="telefoni_cislo" id="8F236D6F-A98B-66AA-22A8-209B7167FE63">
<createdBy>razbo</createdBy>
<createdTime>2022-12-05 20:20:59 UTC</createdTime>
<generatorID>F8B20B5D-872E-D02B-E375-DB14AC2EE130</generatorID>
<ownerDesignName>semPraceDataBase</ownerDesignName>
<useDomainConstraints>false</useDomainConstraints>
<use>1</use>
<logicalDatatype>LOGDT024</logicalDatatype>
<dataTypeSize>20</dataTypeSize>
<ownDataTypeParameters>20,,</ownDataTypeParameters>
<autoIncrementCycle>false</autoIncrementCycle>
</Column>
<Column name="id_adres" id="AA144F15-21E9-37A9-5F0F-485A130F00FB">
<createdBy>razbo</createdBy>
<createdTime>2022-12-05 20:20:59 UTC</createdTime>
<generatorID>F117D1AD-661E-FE1D-82FF-CBC0766799CC</generatorID>
<ownerDesignName>semPraceDataBase</ownerDesignName>
<useDomainConstraints>false</useDomainConstraints>
<use>1</use>
<logicalDatatype>LOGDT019</logicalDatatype>
<ownDataTypeParameters>,,</ownDataTypeParameters>
<previousColumn>false</previousColumn>
<autoIncrementCycle>false</autoIncrementCycle>
<associations>
<colAssociation fkAssociation="72F59B08-A5E9-3DB8-0D59-F2DD4678DFA1" referredColumn="843423BB-BAA3-7B3F-309C-99AC74A667BF"/>
</associations>
</Column>
<Column name="id_bank" id="D456468F-2901-1F05-8F84-2BBE256C76CC">
<createdBy>razbo</createdBy>
<createdTime>2022-12-05 20:20:59 UTC</createdTime>
<generatorID>88FD54C1-07FA-2100-A8F7-5ABB471BAAC0</generatorID>
<ownerDesignName>semPraceDataBase</ownerDesignName>
<useDomainConstraints>false</useDomainConstraints>
<use>1</use>
<logicalDatatype>LOGDT019</logicalDatatype>
<ownDataTypeParameters>,,</ownDataTypeParameters>
<previousColumn>false</previousColumn>
<autoIncrementCycle>false</autoIncrementCycle>
<associations>
<colAssociation fkAssociation="59601CBF-9E03-34A6-838D-2B9220FFAEB4" referredColumn="9052852C-47BF-D4B7-032E-2779734BE008"/>
</associations>
</Column>
<Column name="id_zamestnanec" id="D719DF30-3889-7360-3DA9-762EFD54EFDA">
<createdBy>razbo</createdBy>
<createdTime>2022-12-05 20:20:59 UTC</createdTime>
<generatorID>974A5CD6-1F4A-60C0-4E4E-1788963D7995</generatorID>
<ownerDesignName>semPraceDataBase</ownerDesignName>
<useDomainConstraints>false</useDomainConstraints>
<use>1</use>
<logicalDatatype>LOGDT019</logicalDatatype>
<ownDataTypeParameters>,,</ownDataTypeParameters>
<previousColumn>false</previousColumn>
<autoIncrementCycle>false</autoIncrementCycle>
<associations>
<colAssociation fkAssociation="E95A1EB7-995A-8EF1-8B89-C19EAA367F9C" referredColumn="42E532FF-2738-9FDA-DE1E-ABFF63910057"/>
</associations>
</Column>
</columns>
<indexes itemClass="oracle.dbtools.crest.model.design.relational.Index">
<ind_PK_UK id="801CAD1A-D035-9885-87EE-DC9E7E64BF76" name="Klient_PK">
<createdBy>razbo</createdBy>
<createdTime>2022-12-05 20:20:59 UTC</createdTime>
<generatorID>061DB3B5-3976-F274-B14D-0E62EBD6867F</generatorID>
<ownerDesignName>semPraceDataBase</ownerDesignName>
<pk>true</pk>
<indexState>Primary Constraint</indexState>
<isSurrogateKey>false</isSurrogateKey>
<indexColumnUsage>
<colUsage columnID="2121410A-B7CB-6E6A-FFFE-53B25F6BCE5D"/>
</indexColumnUsage>
</ind_PK_UK>
<ind_PK_UK id="AF3469A1-F57B-5E92-2513-BFF15B7D665E" name="Klient_ADRESA_FK">
<createdBy>razbo</createdBy>
<createdTime>2022-12-05 20:20:59 UTC</createdTime>
<generatorID>EEC5976A-C96C-916F-20DA-96A17860B1B9</generatorID>
<ownerDesignName>semPraceDataBase</ownerDesignName>
<indexState>Foreign Key</indexState>
<isSurrogateKey>false</isSurrogateKey>
<indexColumnUsage>
<colUsage columnID="AA144F15-21E9-37A9-5F0F-485A130F00FB"/>
</indexColumnUsage>
</ind_PK_UK>
<ind_PK_UK id="420AFD0B-A861-3DEE-1D2C-78288744690F" name="Klient_Bank_FK">
<createdBy>razbo</createdBy>
<createdTime>2022-12-05 20:20:59 UTC</createdTime>
<generatorID>3E7BE679-F787-DDD4-3B89-7F749394C361</generatorID>
<ownerDesignName>semPraceDataBase</ownerDesignName>
<indexState>Foreign Key</indexState>
<isSurrogateKey>false</isSurrogateKey>
<indexColumnUsage>
<colUsage columnID="D456468F-2901-1F05-8F84-2BBE256C76CC"/>
</indexColumnUsage>
</ind_PK_UK>
<ind_PK_UK id="9DAFF0CB-7765-8D79-AF1B-3E78F63052BA" name="Klient_ZAMESTNANEC_FK">
<createdBy>razbo</createdBy>
<createdTime>2022-12-05 20:20:59 UTC</createdTime>
<generatorID>337EA408-304F-AE37-631E-CAB47813E971</generatorID>
<ownerDesignName>semPraceDataBase</ownerDesignName>
<indexState>Foreign Key</indexState>
<isSurrogateKey>false</isSurrogateKey>
<indexColumnUsage>
<colUsage columnID="D719DF30-3889-7360-3DA9-762EFD54EFDA"/>
</indexColumnUsage>
</ind_PK_UK>
</indexes>
</Table>