<?xml version = '1.0' encoding = 'UTF-8'?>
<Table class="oracle.dbtools.crest.model.design.relational.Table" directorySegmentName="seg_0" id="6EDE3B72-D090-5041-1A08-4351D41F9CD1" name="BANKOMAT">
<createdBy>razbo</createdBy>
<createdTime>2022-12-05 20:20:59 UTC</createdTime>
<generatorID>B4A71E2F-6D49-864D-099D-6F19965F374C</generatorID>
<ownerDesignName>semPraceDataBase</ownerDesignName>
<allowColumnReorder>false</allowColumnReorder>
<existDependencyGenerateInDDl>true</existDependencyGenerateInDDl>
<parsed>true</parsed>
<columns itemClass="oracle.dbtools.crest.model.design.relational.Column">
<Column name="id_bankomat" id="71143A31-8AFF-21F1-E34E-5AE378F8525C">
<createdBy>razbo</createdBy>
<createdTime>2022-12-05 20:20:59 UTC</createdTime>
<commentInRDBMS><![CDATA[Primary key of bankomat
]]></commentInRDBMS>
<generatorID>ADE02185-9972-9C39-3DBC-A9381A41F3CF</generatorID>
<ownerDesignName>semPraceDataBase</ownerDesignName>
<useDomainConstraints>false</useDomainConstraints>
<use>1</use>
<logicalDatatype>LOGDT019</logicalDatatype>
<ownDataTypeParameters>,,</ownDataTypeParameters>
<autoIncrementCycle>false</autoIncrementCycle>
</Column>
<Column name="nazev" id="B16F9FFC-A2B2-EBBC-96BD-2A4420E57609">
<createdBy>razbo</createdBy>
<createdTime>2022-12-05 20:20:59 UTC</createdTime>
<commentInRDBMS><![CDATA[Bankomat name]]></commentInRDBMS>
<generatorID>BD917E4E-BC1D-5E30-2F18-B0CB5AA0E4BD</generatorID>
<ownerDesignName>semPraceDataBase</ownerDesignName>
<useDomainConstraints>false</useDomainConstraints>
<use>1</use>
<logicalDatatype>LOGDT024</logicalDatatype>
<dataTypeSize>32</dataTypeSize>
<ownDataTypeParameters>32,,</ownDataTypeParameters>
<autoIncrementCycle>false</autoIncrementCycle>
</Column>
<Column name="id_adres" id="3A83C246-3610-07F0-76EE-ECE2B6DD5C56">
<createdBy>razbo</createdBy>
<createdTime>2022-12-05 20:20:59 UTC</createdTime>
<commentInRDBMS><![CDATA[Adres id  for the bankomat
]]></commentInRDBMS>
<generatorID>9DA76AC8-F860-3ECA-303C-F19D1B958FA2</generatorID>
<ownerDesignName>semPraceDataBase</ownerDesignName>
<useDomainConstraints>false</useDomainConstraints>
<use>1</use>
<logicalDatatype>LOGDT019</logicalDatatype>
<ownDataTypeParameters>,,</ownDataTypeParameters>
<previousColumn>false</previousColumn>
<autoIncrementCycle>false</autoIncrementCycle>
<associations>
<colAssociation fkAssociation="7942D0F4-8BC9-9825-973C-FCD01BEF0FEB" referredColumn="843423BB-BAA3-7B3F-309C-99AC74A667BF"/>
</associations>
</Column>
<Column name="id_bank" id="BFF0E2EB-2DF7-B325-2CBB-1018ACEA8920">
<createdBy>razbo</createdBy>
<createdTime>2022-12-05 20:20:59 UTC</createdTime>
<commentInRDBMS><![CDATA[Bank id  for the bankomat
]]></commentInRDBMS>
<generatorID>173E7ED8-2A73-4D10-D480-67E7E4256C6B</generatorID>
<ownerDesignName>semPraceDataBase</ownerDesignName>
<useDomainConstraints>false</useDomainConstraints>
<use>1</use>
<logicalDatatype>LOGDT019</logicalDatatype>
<ownDataTypeParameters>,,</ownDataTypeParameters>
<previousColumn>false</previousColumn>
<autoIncrementCycle>false</autoIncrementCycle>
<associations>
<colAssociation fkAssociation="CEF591EE-CF9B-DAD3-BC68-C22DE92A1264" referredColumn="9052852C-47BF-D4B7-032E-2779734BE008"/>
</associations>
</Column>
<Column name="id_status" id="C2C1AD34-5AC9-79F2-B1E3-FF3091EAD36C">
<createdBy>razbo</createdBy>
<createdTime>2022-12-05 20:20:59 UTC</createdTime>
<commentInRDBMS><![CDATA[Status id  for the bankomat
]]></commentInRDBMS>
<generatorID>DCBA9071-20C3-8F51-1BDD-CE824B8E0252</generatorID>
<ownerDesignName>semPraceDataBase</ownerDesignName>
<useDomainConstraints>false</useDomainConstraints>
<use>1</use>
<logicalDatatype>LOGDT019</logicalDatatype>
<ownDataTypeParameters>,,</ownDataTypeParameters>
<previousColumn>false</previousColumn>
<autoIncrementCycle>false</autoIncrementCycle>
<associations>
<colAssociation fkAssociation="D2091474-84FD-BADE-43BE-5F3E664FC522" referredColumn="031E78CA-D0CB-9BEF-887C-DE71C2B8FE5A"/>
</associations>
</Column>
</columns>
<indexes itemClass="oracle.dbtools.crest.model.design.relational.Index">
<ind_PK_UK id="833FDEA2-2AEA-5C99-AD0B-A402253DEA02" name="BANKOMAT_PK">
<createdBy>razbo</createdBy>
<createdTime>2022-12-05 20:20:59 UTC</createdTime>
<generatorID>086EFCDA-85C2-1C55-27F4-8B49E9562BB8</generatorID>
<ownerDesignName>semPraceDataBase</ownerDesignName>
<pk>true</pk>
<indexState>Primary Constraint</indexState>
<isSurrogateKey>false</isSurrogateKey>
<indexColumnUsage>
<colUsage columnID="71143A31-8AFF-21F1-E34E-5AE378F8525C"/>
</indexColumnUsage>
</ind_PK_UK>
<ind_PK_UK id="91D34C9A-AA85-42F6-C5D2-35C1642F72B5" name="BANKOMAT_Bank_FK">
<createdBy>razbo</createdBy>
<createdTime>2022-12-05 20:20:59 UTC</createdTime>
<generatorID>11E69B56-1AB2-92E8-A1AA-69EA078FC613</generatorID>
<ownerDesignName>semPraceDataBase</ownerDesignName>
<indexState>Foreign Key</indexState>
<isSurrogateKey>false</isSurrogateKey>
<indexColumnUsage>
<colUsage columnID="BFF0E2EB-2DF7-B325-2CBB-1018ACEA8920"/>
</indexColumnUsage>
</ind_PK_UK>
<ind_PK_UK id="F8C21116-107C-6BF6-CDD5-A9706855A707" name="BANKOMAT_ADRESA_FK">
<createdBy>razbo</createdBy>
<createdTime>2022-12-05 20:20:59 UTC</createdTime>
<generatorID>64DF5D5E-6F11-7260-41B9-0FBE1DA2CFCB</generatorID>
<ownerDesignName>semPraceDataBase</ownerDesignName>
<indexState>Foreign Key</indexState>
<isSurrogateKey>false</isSurrogateKey>
<indexColumnUsage>
<colUsage columnID="3A83C246-3610-07F0-76EE-ECE2B6DD5C56"/>
</indexColumnUsage>
</ind_PK_UK>
<ind_PK_UK id="44894F01-3198-6F24-2554-D85F33B9DC9B" name="BANKOMAT_STATUS_FK">
<createdBy>razbo</createdBy>
<createdTime>2022-12-05 20:20:59 UTC</createdTime>
<generatorID>3AD819A1-C1EF-F714-1676-B0C707712F66</generatorID>
<ownerDesignName>semPraceDataBase</ownerDesignName>
<indexState>Foreign Key</indexState>
<isSurrogateKey>false</isSurrogateKey>
<indexColumnUsage>
<colUsage columnID="C2C1AD34-5AC9-79F2-B1E3-FF3091EAD36C"/>
</indexColumnUsage>
</ind_PK_UK>
</indexes>
</Table>