<?xml version = '1.0' encoding = 'UTF-8'?>
<Table class="oracle.dbtools.crest.model.design.relational.Table" directorySegmentName="seg_0" id="74DEE386-C9E6-5145-B53B-E42C309A5D5F" name="POBOCKA">
<createdBy>razbo</createdBy>
<createdTime>2022-12-05 20:20:59 UTC</createdTime>
<generatorID>1025505E-6D4B-195C-2E8D-2E433F6FABE9</generatorID>
<ownerDesignName>semPraceDataBase</ownerDesignName>
<allowColumnReorder>false</allowColumnReorder>
<existDependencyGenerateInDDl>true</existDependencyGenerateInDDl>
<parsed>true</parsed>
<columns itemClass="oracle.dbtools.crest.model.design.relational.Column">
<Column name="id_pobocka" id="9B22DB3E-5C6A-1AB4-AD73-21E94DD13841">
<createdBy>razbo</createdBy>
<createdTime>2022-12-05 20:20:59 UTC</createdTime>
<generatorID>F9C68AF4-FB03-DA60-C581-F1F4C9DA6FDC</generatorID>
<ownerDesignName>semPraceDataBase</ownerDesignName>
<useDomainConstraints>false</useDomainConstraints>
<use>1</use>
<logicalDatatype>LOGDT019</logicalDatatype>
<ownDataTypeParameters>,,</ownDataTypeParameters>
<autoIncrementCycle>false</autoIncrementCycle>
</Column>
<Column name="nazev" id="438DA13A-53BC-C219-5ECD-613B9BED72F1">
<createdBy>razbo</createdBy>
<createdTime>2022-12-05 20:20:59 UTC</createdTime>
<generatorID>237F9F83-38EE-635B-012C-4BB1822B7A18</generatorID>
<ownerDesignName>semPraceDataBase</ownerDesignName>
<useDomainConstraints>false</useDomainConstraints>
<use>1</use>
<logicalDatatype>LOGDT024</logicalDatatype>
<dataTypeSize>32</dataTypeSize>
<ownDataTypeParameters>32,,</ownDataTypeParameters>
<autoIncrementCycle>false</autoIncrementCycle>
</Column>
<Column name="telefoni_cislo" id="F77B8C12-A04D-B8AA-4CF6-5C375AD9D5E0">
<createdBy>razbo</createdBy>
<createdTime>2022-12-05 20:20:59 UTC</createdTime>
<generatorID>4FA27E86-47F2-7BF8-D4BD-567ABD2599BE</generatorID>
<ownerDesignName>semPraceDataBase</ownerDesignName>
<useDomainConstraints>false</useDomainConstraints>
<use>1</use>
<logicalDatatype>LOGDT024</logicalDatatype>
<dataTypeSize>20</dataTypeSize>
<ownDataTypeParameters>20,,</ownDataTypeParameters>
<autoIncrementCycle>false</autoIncrementCycle>
</Column>
<Column name="id_adres" id="E9AD1849-BCB0-0179-A9F2-333864A90CBB">
<createdBy>razbo</createdBy>
<createdTime>2022-12-05 20:20:59 UTC</createdTime>
<generatorID>FA443519-AB0A-CFE6-570E-2E29CD3155CF</generatorID>
<ownerDesignName>semPraceDataBase</ownerDesignName>
<useDomainConstraints>false</useDomainConstraints>
<use>1</use>
<logicalDatatype>LOGDT019</logicalDatatype>
<ownDataTypeParameters>,,</ownDataTypeParameters>
<previousColumn>false</previousColumn>
<autoIncrementCycle>false</autoIncrementCycle>
<associations>
<colAssociation fkAssociation="78BB65AB-B29E-D8B3-8E4F-2BEB5C98D15A" referredColumn="843423BB-BAA3-7B3F-309C-99AC74A667BF"/>
</associations>
</Column>
<Column name="id_bank" id="64FEFBEC-0511-2F69-BD9F-684DD213D45E">
<createdBy>razbo</createdBy>
<createdTime>2022-12-05 20:20:59 UTC</createdTime>
<generatorID>E0BEC736-06D3-E5EC-4C21-45CB8B2EA5BB</generatorID>
<ownerDesignName>semPraceDataBase</ownerDesignName>
<useDomainConstraints>false</useDomainConstraints>
<use>1</use>
<logicalDatatype>LOGDT019</logicalDatatype>
<ownDataTypeParameters>,,</ownDataTypeParameters>
<previousColumn>false</previousColumn>
<autoIncrementCycle>false</autoIncrementCycle>
<associations>
<colAssociation fkAssociation="BCAAB2FC-080A-68C4-F448-B918231FED83" referredColumn="9052852C-47BF-D4B7-032E-2779734BE008"/>
</associations>
</Column>
<Column name="id_status" id="44B2166C-7D24-A8F3-E122-AABB8149D82B">
<createdBy>razbo</createdBy>
<createdTime>2022-12-05 20:20:59 UTC</createdTime>
<generatorID>8B74CE46-6477-A850-AD78-C6B35A44D1B2</generatorID>
<ownerDesignName>semPraceDataBase</ownerDesignName>
<useDomainConstraints>false</useDomainConstraints>
<use>1</use>
<logicalDatatype>LOGDT019</logicalDatatype>
<ownDataTypeParameters>,,</ownDataTypeParameters>
<previousColumn>false</previousColumn>
<autoIncrementCycle>false</autoIncrementCycle>
<associations>
<colAssociation fkAssociation="C2D609BC-9FAC-3AB8-B296-8D8BB0F9D61B" referredColumn="031E78CA-D0CB-9BEF-887C-DE71C2B8FE5A"/>
</associations>
</Column>
</columns>
<indexes itemClass="oracle.dbtools.crest.model.design.relational.Index">
<ind_PK_UK id="B497F68E-D5F1-C424-39E6-0EA254ED6B7E" name="POBOCKA_PK">
<createdBy>razbo</createdBy>
<createdTime>2022-12-05 20:20:59 UTC</createdTime>
<generatorID>4F654F15-8199-2A8F-6C56-363B8C5430B6</generatorID>
<ownerDesignName>semPraceDataBase</ownerDesignName>
<pk>true</pk>
<indexState>Primary Constraint</indexState>
<isSurrogateKey>false</isSurrogateKey>
<indexColumnUsage>
<colUsage columnID="9B22DB3E-5C6A-1AB4-AD73-21E94DD13841"/>
</indexColumnUsage>
</ind_PK_UK>
<ind_PK_UK id="D7C917D6-F2FB-5DF4-8B89-3555017DDE47" name="POBOCKA_ADRESA_FK">
<createdBy>razbo</createdBy>
<createdTime>2022-12-05 20:20:59 UTC</createdTime>
<generatorID>13092609-A48B-7CD4-CA6A-795A91EB6954</generatorID>
<ownerDesignName>semPraceDataBase</ownerDesignName>
<indexState>Foreign Key</indexState>
<isSurrogateKey>false</isSurrogateKey>
<indexColumnUsage>
<colUsage columnID="E9AD1849-BCB0-0179-A9F2-333864A90CBB"/>
</indexColumnUsage>
</ind_PK_UK>
<ind_PK_UK id="6B3CA55B-03BF-04F7-CB20-DBEFAA9D5AB4" name="POBOCKA_Bank_FK">
<createdBy>razbo</createdBy>
<createdTime>2022-12-05 20:20:59 UTC</createdTime>
<generatorID>2C29B580-6632-8488-4CAD-F1DCA0E14666</generatorID>
<ownerDesignName>semPraceDataBase</ownerDesignName>
<indexState>Foreign Key</indexState>
<isSurrogateKey>false</isSurrogateKey>
<indexColumnUsage>
<colUsage columnID="64FEFBEC-0511-2F69-BD9F-684DD213D45E"/>
</indexColumnUsage>
</ind_PK_UK>
<ind_PK_UK id="55AE407A-97EB-995A-AEE5-8AE8F1BB35A5" name="POBOCKA_STATUS_FK">
<createdBy>razbo</createdBy>
<createdTime>2022-12-05 20:20:59 UTC</createdTime>
<generatorID>3ABE5479-AB9A-7BDD-FC77-0AEF526E24FE</generatorID>
<ownerDesignName>semPraceDataBase</ownerDesignName>
<indexState>Foreign Key</indexState>
<isSurrogateKey>false</isSurrogateKey>
<indexColumnUsage>
<colUsage columnID="44B2166C-7D24-A8F3-E122-AABB8149D82B"/>
</indexColumnUsage>
</ind_PK_UK>
</indexes>
</Table>