<?xml version = '1.0' encoding = 'UTF-8'?>
<Table class="oracle.dbtools.crest.model.design.relational.Table" directorySegmentName="seg_0" id="9C4B506C-2870-7C2B-BAAA-49BF9681EF01" name="KLIENT_SCHUZKA">
<createdBy>razbo</createdBy>
<createdTime>2022-12-05 20:20:59 UTC</createdTime>
<ownerDesignName>semPraceDataBase</ownerDesignName>
<allowColumnReorder>false</allowColumnReorder>
<existDependencyGenerateInDDl>true</existDependencyGenerateInDDl>
<parsed>true</parsed>
<columns itemClass="oracle.dbtools.crest.model.design.relational.Column">
<Column name="id_klient" id="43F1A148-6196-41BD-2339-169E3E3DAD27">
<createdBy>razbo</createdBy>
<createdTime>2022-12-05 20:20:59 UTC</createdTime>
<ownerDesignName>semPraceDataBase</ownerDesignName>
<useDomainConstraints>false</useDomainConstraints>
<use>1</use>
<logicalDatatype>LOGDT019</logicalDatatype>
<ownDataTypeParameters>,,</ownDataTypeParameters>
<previousColumn>false</previousColumn>
<autoIncrementCycle>false</autoIncrementCycle>
<associations>
<colAssociation fkAssociation="69E9B315-3066-44CB-D157-80B205B1EFF9" referredColumn="2121410A-B7CB-6E6A-FFFE-53B25F6BCE5D"/>
</associations>
</Column>
<Column name="id_schuzka" id="F6DFA477-ADF9-F64C-EB62-2104C9434FFC">
<createdBy>razbo</createdBy>
<createdTime>2022-12-05 20:20:59 UTC</createdTime>
<ownerDesignName>semPraceDataBase</ownerDesignName>
<useDomainConstraints>false</useDomainConstraints>
<use>1</use>
<logicalDatatype>LOGDT019</logicalDatatype>
<ownDataTypeParameters>,,</ownDataTypeParameters>
<previousColumn>false</previousColumn>
<autoIncrementCycle>false</autoIncrementCycle>
<associations>
<colAssociation fkAssociation="A14B4877-9B74-2F08-2E89-DB0494D1C142" referredColumn="2B7FA125-5371-5132-BFDE-BB1DA50CECF3"/>
</associations>
</Column>
</columns>
<indexes itemClass="oracle.dbtools.crest.model.design.relational.Index">
<ind_PK_UK id="C27BB2CA-B5B9-D333-9945-D5E618A54983" name="KLIENT_SCHUZKA_PK">
<createdBy>razbo</createdBy>
<createdTime>2022-12-05 20:20:59 UTC</createdTime>
<ownerDesignName>semPraceDataBase</ownerDesignName>
<pk>true</pk>
<indexState>Primary Constraint</indexState>
<isSurrogateKey>false</isSurrogateKey>
<indexColumnUsage>
<colUsage columnID="43F1A148-6196-41BD-2339-169E3E3DAD27"/>
<colUsage columnID="F6DFA477-ADF9-F64C-EB62-2104C9434FFC"/>
</indexColumnUsage>
</ind_PK_UK>
<ind_PK_UK id="53E8EC5C-40AE-0AA1-88A1-41B4F086376D" name="KLIENT_SCHUZKA_Klient_FK">
<createdBy>razbo</createdBy>
<createdTime>2022-12-05 20:20:59 UTC</createdTime>
<generatorID>3FEF4F5A-A7AC-702F-FC66-FD1D9D8BDC88</generatorID>
<ownerDesignName>semPraceDataBase</ownerDesignName>
<indexState>Foreign Key</indexState>
<isSurrogateKey>false</isSurrogateKey>
<indexColumnUsage>
<colUsage columnID="43F1A148-6196-41BD-2339-169E3E3DAD27"/>
</indexColumnUsage>
</ind_PK_UK>
<ind_PK_UK id="D35CF2BA-4FF8-524C-FD76-5CBDCAE8ADE4" name="KLIENT_SCHUZKA_SCHUZKA_FK">
<createdBy>razbo</createdBy>
<createdTime>2022-12-05 20:20:59 UTC</createdTime>
<generatorID>3FEF4F5A-A7AC-702F-FC66-FD1D9D8BDC88</generatorID>
<ownerDesignName>semPraceDataBase</ownerDesignName>
<indexState>Foreign Key</indexState>
<isSurrogateKey>false</isSurrogateKey>
<indexColumnUsage>
<colUsage columnID="F6DFA477-ADF9-F64C-EB62-2104C9434FFC"/>
</indexColumnUsage>
</ind_PK_UK>
</indexes>
</Table>