<?xml version = '1.0' encoding = 'UTF-8'?>
<Table class="oracle.dbtools.crest.model.design.relational.Table" directorySegmentName="seg_0" id="D917463E-810B-F714-39B4-C2523DD895C8" name="UCET">
<createdBy>razbo</createdBy>
<createdTime>2022-12-05 20:20:59 UTC</createdTime>
<generatorID>AAC834DD-B566-0332-14D7-CAB77987372A</generatorID>
<ownerDesignName>semPraceDataBase</ownerDesignName>
<allowColumnReorder>false</allowColumnReorder>
<existDependencyGenerateInDDl>true</existDependencyGenerateInDDl>
<parsed>true</parsed>
<columns itemClass="oracle.dbtools.crest.model.design.relational.Column">
<Column name="id_ucet" id="74715A1B-24EB-B9DE-CE03-E95FC05160EC">
<createdBy>razbo</createdBy>
<createdTime>2022-12-05 20:20:59 UTC</createdTime>
<generatorID>460D4CC9-F932-4960-D08D-1AF780FF6EC9</generatorID>
<ownerDesignName>semPraceDataBase</ownerDesignName>
<useDomainConstraints>false</useDomainConstraints>
<use>1</use>
<logicalDatatype>LOGDT019</logicalDatatype>
<ownDataTypeParameters>,,</ownDataTypeParameters>
<autoIncrementCycle>false</autoIncrementCycle>
</Column>
<Column name="cislo_uctu" id="F81E40B6-83CB-369F-0B96-200C03A04D05">
<createdBy>razbo</createdBy>
<createdTime>2022-12-05 20:20:59 UTC</createdTime>
<generatorID>C2FFC556-AC51-357C-41F9-139BF23030FD</generatorID>
<ownerDesignName>semPraceDataBase</ownerDesignName>
<useDomainConstraints>false</useDomainConstraints>
<use>1</use>
<logicalDatatype>LOGDT019</logicalDatatype>
<ownDataTypeParameters>,,</ownDataTypeParameters>
<autoIncrementCycle>false</autoIncrementCycle>
</Column>
<Column name="nazev" id="5A712967-77B0-66EB-B55A-EF71747E1B36">
<createdBy>razbo</createdBy>
<createdTime>2022-12-05 20:20:59 UTC</createdTime>
<generatorID>9F04F8DF-2526-AF06-4892-EAC93D3D493E</generatorID>
<ownerDesignName>semPraceDataBase</ownerDesignName>
<useDomainConstraints>false</useDomainConstraints>
<use>1</use>
<logicalDatatype>LOGDT024</logicalDatatype>
<dataTypeSize>32</dataTypeSize>
<ownDataTypeParameters>32,,</ownDataTypeParameters>
<autoIncrementCycle>false</autoIncrementCycle>
</Column>
<Column name="id_klient" id="ACC31F03-959E-FC52-18B0-9B520E42CF00">
<createdBy>razbo</createdBy>
<createdTime>2022-12-05 20:20:59 UTC</createdTime>
<generatorID>C2CB10C5-174E-950E-60EB-4EB8A3B4B286</generatorID>
<ownerDesignName>semPraceDataBase</ownerDesignName>
<useDomainConstraints>false</useDomainConstraints>
<use>1</use>
<logicalDatatype>LOGDT019</logicalDatatype>
<ownDataTypeParameters>,,</ownDataTypeParameters>
<previousColumn>false</previousColumn>
<autoIncrementCycle>false</autoIncrementCycle>
<associations>
<colAssociation fkAssociation="6BB5151F-E414-59CA-FEE3-F297D60616A7" referredColumn="2121410A-B7CB-6E6A-FFFE-53B25F6BCE5D"/>
</associations>
</Column>
<Column name="id_bank" id="3E148BC1-E5AD-F013-74F5-1797BE1A3802">
<createdBy>razbo</createdBy>
<createdTime>2022-12-05 20:20:59 UTC</createdTime>
<generatorID>61F81E1B-044D-DF09-6F6B-64111A0DAD1D</generatorID>
<ownerDesignName>semPraceDataBase</ownerDesignName>
<useDomainConstraints>false</useDomainConstraints>
<use>1</use>
<logicalDatatype>LOGDT019</logicalDatatype>
<ownDataTypeParameters>,,</ownDataTypeParameters>
<previousColumn>false</previousColumn>
<autoIncrementCycle>false</autoIncrementCycle>
<associations>
<colAssociation fkAssociation="6DF624FF-E622-6CEB-4157-7CF15A4D4384" referredColumn="9052852C-47BF-D4B7-032E-2779734BE008"/>
</associations>
</Column>
<Column name="id_status" id="1C645899-F6B2-5BBF-9DEE-3F77BEAA8407">
<createdBy>razbo</createdBy>
<createdTime>2022-12-05 20:20:59 UTC</createdTime>
<generatorID>91D8DAB9-24F0-9F6F-5152-FE79D109561B</generatorID>
<ownerDesignName>semPraceDataBase</ownerDesignName>
<useDomainConstraints>false</useDomainConstraints>
<use>1</use>
<logicalDatatype>LOGDT019</logicalDatatype>
<ownDataTypeParameters>,,</ownDataTypeParameters>
<previousColumn>false</previousColumn>
<autoIncrementCycle>false</autoIncrementCycle>
<associations>
<colAssociation fkAssociation="1EAB4A05-8332-AACB-2B11-8D4B8BB6B526" referredColumn="031E78CA-D0CB-9BEF-887C-DE71C2B8FE5A"/>
</associations>
</Column>
</columns>
<indexes itemClass="oracle.dbtools.crest.model.design.relational.Index">
<ind_PK_UK id="2CBFA4B9-5F42-8E77-C2AF-F1EA3DF1506C" name="UCET_PK">
<createdBy>razbo</createdBy>
<createdTime>2022-12-05 20:20:59 UTC</createdTime>
<generatorID>D3BA8E46-0E18-07C1-86DE-04FEFAE92F43</generatorID>
<ownerDesignName>semPraceDataBase</ownerDesignName>
<pk>true</pk>
<indexState>Primary Constraint</indexState>
<isSurrogateKey>false</isSurrogateKey>
<indexColumnUsage>
<colUsage columnID="74715A1B-24EB-B9DE-CE03-E95FC05160EC"/>
</indexColumnUsage>
</ind_PK_UK>
<ind_PK_UK id="8758A026-8CEC-B25E-5955-DFF177437499" name="UCET_Bank_FK">
<createdBy>razbo</createdBy>
<createdTime>2022-12-05 20:20:59 UTC</createdTime>
<generatorID>FED0119C-C6D8-7737-F5F9-879A6641AEE2</generatorID>
<ownerDesignName>semPraceDataBase</ownerDesignName>
<indexState>Foreign Key</indexState>
<isSurrogateKey>false</isSurrogateKey>
<indexColumnUsage>
<colUsage columnID="3E148BC1-E5AD-F013-74F5-1797BE1A3802"/>
</indexColumnUsage>
</ind_PK_UK>
<ind_PK_UK id="432F8700-8639-CDCE-0518-8EC321F50A15" name="UCET_Klient_FK">
<createdBy>razbo</createdBy>
<createdTime>2022-12-05 20:20:59 UTC</createdTime>
<generatorID>99530323-0D81-5EAC-7EB0-0F07D92FD01F</generatorID>
<ownerDesignName>semPraceDataBase</ownerDesignName>
<indexState>Foreign Key</indexState>
<isSurrogateKey>false</isSurrogateKey>
<indexColumnUsage>
<colUsage columnID="ACC31F03-959E-FC52-18B0-9B520E42CF00"/>
</indexColumnUsage>
</ind_PK_UK>
<ind_PK_UK id="9CD317C4-72BF-205C-24DA-9DAC65EC8B8E" name="UCET_STATUS_FK">
<createdBy>razbo</createdBy>
<createdTime>2022-12-05 20:20:59 UTC</createdTime>
<generatorID>08E0D232-A578-F5A6-7670-BB689964F9B0</generatorID>
<ownerDesignName>semPraceDataBase</ownerDesignName>
<indexState>Foreign Key</indexState>
<isSurrogateKey>false</isSurrogateKey>
<indexColumnUsage>
<colUsage columnID="1C645899-F6B2-5BBF-9DEE-3F77BEAA8407"/>
</indexColumnUsage>
</ind_PK_UK>
</indexes>
</Table>