<?xml version = '1.0' encoding = 'UTF-8'?>
<Table class="oracle.dbtools.crest.model.design.relational.Table" directorySegmentName="seg_0" id="F0DB6AB9-4ED9-B92F-1CE4-4FA617320C43" name="OPERACE">
<createdBy>razbo</createdBy>
<createdTime>2022-12-05 20:20:59 UTC</createdTime>
<generatorID>24F68D46-A0FC-E9CA-6965-EA1B17C24D46</generatorID>
<ownerDesignName>semPraceDataBase</ownerDesignName>
<allowColumnReorder>false</allowColumnReorder>
<existDependencyGenerateInDDl>true</existDependencyGenerateInDDl>
<parsed>true</parsed>
<columns itemClass="oracle.dbtools.crest.model.design.relational.Column">
<Column name="id_operace" id="DFBC9F3D-F520-361A-5846-FF25354443F9">
<createdBy>razbo</createdBy>
<createdTime>2022-12-05 20:20:59 UTC</createdTime>
<generatorID>3EBF27F4-44CA-FCC0-2E8B-F70EB1871D28</generatorID>
<ownerDesignName>semPraceDataBase</ownerDesignName>
<useDomainConstraints>false</useDomainConstraints>
<use>1</use>
<logicalDatatype>LOGDT019</logicalDatatype>
<ownDataTypeParameters>,,</ownDataTypeParameters>
<autoIncrementCycle>false</autoIncrementCycle>
</Column>
<Column name="castka" id="152FFE8A-0C6B-D752-FA32-252DB75C7301">
<createdBy>razbo</createdBy>
<createdTime>2022-12-05 20:20:59 UTC</createdTime>
<generatorID>5B5DF541-8FBC-540C-D035-C91FA18C1C27</generatorID>
<ownerDesignName>semPraceDataBase</ownerDesignName>
<useDomainConstraints>false</useDomainConstraints>
<use>1</use>
<logicalDatatype>LOGDT019</logicalDatatype>
<ownDataTypeParameters>,,</ownDataTypeParameters>
<autoIncrementCycle>false</autoIncrementCycle>
</Column>
<Column name="datum_zacatka" id="67E591E8-60E5-DE61-32AC-AFC1E335B447">
<createdBy>razbo</createdBy>
<createdTime>2022-12-05 20:20:59 UTC</createdTime>
<generatorID>59D55B21-4081-77EA-C407-02467D705FD1</generatorID>
<ownerDesignName>semPraceDataBase</ownerDesignName>
<useDomainConstraints>false</useDomainConstraints>
<use>1</use>
<logicalDatatype>LOGDT007</logicalDatatype>
<ownDataTypeParameters>,,</ownDataTypeParameters>
<autoIncrementCycle>false</autoIncrementCycle>
</Column>
<Column name="datum_okonceni" id="2F7D5A49-1F03-9678-9E16-76A427A30FBC">
<createdBy>razbo</createdBy>
<createdTime>2022-12-05 20:20:59 UTC</createdTime>
<generatorID>E3624B03-49F7-F54E-C11B-4082429F1BA2</generatorID>
<ownerDesignName>semPraceDataBase</ownerDesignName>
<useDomainConstraints>false</useDomainConstraints>
<use>1</use>
<logicalDatatype>LOGDT007</logicalDatatype>
<ownDataTypeParameters>,,</ownDataTypeParameters>
<autoIncrementCycle>false</autoIncrementCycle>
</Column>
<Column name="nazev" id="E4510036-AF64-8061-CF0B-C99B6F796A69">
<createdBy>razbo</createdBy>
<createdTime>2022-12-05 20:20:59 UTC</createdTime>
<generatorID>A5578662-19F3-B7DB-B9AB-E061B4AA3092</generatorID>
<ownerDesignName>semPraceDataBase</ownerDesignName>
<useDomainConstraints>false</useDomainConstraints>
<use>1</use>
<logicalDatatype>LOGDT024</logicalDatatype>
<dataTypeSize>32</dataTypeSize>
<ownDataTypeParameters>32,,</ownDataTypeParameters>
<autoIncrementCycle>false</autoIncrementCycle>
</Column>
<Column name="z_uctu" id="5641EC23-A840-5578-70C5-71C2DB3CCCD5">
<createdBy>razbo</createdBy>
<createdTime>2022-12-05 20:20:59 UTC</createdTime>
<generatorID>1A8BA5A4-B0BE-3B74-C7C7-C9E98A84BA05</generatorID>
<ownerDesignName>semPraceDataBase</ownerDesignName>
<useDomainConstraints>false</useDomainConstraints>
<use>1</use>
<logicalDatatype>LOGDT019</logicalDatatype>
<ownDataTypeParameters>,,</ownDataTypeParameters>
<autoIncrementCycle>false</autoIncrementCycle>
</Column>
<Column name="do_uctu" id="A1063DBA-8084-7234-8666-4474C043284F">
<createdBy>razbo</createdBy>
<createdTime>2022-12-05 20:20:59 UTC</createdTime>
<generatorID>0ECC8750-7808-F562-ACAB-BF0A20F7FF47</generatorID>
<ownerDesignName>semPraceDataBase</ownerDesignName>
<useDomainConstraints>false</useDomainConstraints>
<use>1</use>
<logicalDatatype>LOGDT019</logicalDatatype>
<ownDataTypeParameters>,,</ownDataTypeParameters>
<autoIncrementCycle>false</autoIncrementCycle>
</Column>
<Column name="id_ucet" id="B54D63BD-82B8-45AD-DD5C-6A831AECC05C">
<createdBy>razbo</createdBy>
<createdTime>2022-12-05 20:20:59 UTC</createdTime>
<generatorID>CB2564C4-84CC-2B36-10CF-4BC3D4414493</generatorID>
<ownerDesignName>semPraceDataBase</ownerDesignName>
<useDomainConstraints>false</useDomainConstraints>
<use>1</use>
<logicalDatatype>LOGDT019</logicalDatatype>
<ownDataTypeParameters>,,</ownDataTypeParameters>
<previousColumn>false</previousColumn>
<autoIncrementCycle>false</autoIncrementCycle>
<associations>
<colAssociation fkAssociation="714E4D03-6BE6-3DC0-9797-D0EF88F6A8DC" referredColumn="74715A1B-24EB-B9DE-CE03-E95FC05160EC"/>
</associations>
</Column>
<Column name="id_status" id="F990B21B-3240-2A42-C940-0EAC6327C7F9">
<createdBy>razbo</createdBy>
<createdTime>2022-12-05 20:20:59 UTC</createdTime>
<generatorID>0AA4A45A-EA30-C381-7D6B-A13D468E0244</generatorID>
<ownerDesignName>semPraceDataBase</ownerDesignName>
<useDomainConstraints>false</useDomainConstraints>
<use>1</use>
<logicalDatatype>LOGDT019</logicalDatatype>
<ownDataTypeParameters>,,</ownDataTypeParameters>
<previousColumn>false</previousColumn>
<autoIncrementCycle>false</autoIncrementCycle>
<associations>
<colAssociation fkAssociation="FE0993AC-AF99-5B85-A0AE-B93441EE5426" referredColumn="031E78CA-D0CB-9BEF-887C-DE71C2B8FE5A"/>
</associations>
</Column>
</columns>
<indexes itemClass="oracle.dbtools.crest.model.design.relational.Index">
<ind_PK_UK id="871706C5-9548-0D72-F6D7-6A1471DA49A0" name="OPERACE_PK">
<createdBy>razbo</createdBy>
<createdTime>2022-12-05 20:20:59 UTC</createdTime>
<generatorID>CCD570F3-6267-A2FD-9729-139FD1493511</generatorID>
<ownerDesignName>semPraceDataBase</ownerDesignName>
<pk>true</pk>
<indexState>Primary Constraint</indexState>
<isSurrogateKey>false</isSurrogateKey>
<indexColumnUsage>
<colUsage columnID="DFBC9F3D-F520-361A-5846-FF25354443F9"/>
</indexColumnUsage>
</ind_PK_UK>
<ind_PK_UK id="8413A9A6-86CE-D487-9255-F2A925DE669D" name="OPERACE_STATUS_FK">
<createdBy>razbo</createdBy>
<createdTime>2022-12-05 20:20:59 UTC</createdTime>
<generatorID>3B1D5BDF-6B62-E14B-BE65-0435DBE6B0EA</generatorID>
<ownerDesignName>semPraceDataBase</ownerDesignName>
<indexState>Foreign Key</indexState>
<isSurrogateKey>false</isSurrogateKey>
<indexColumnUsage>
<colUsage columnID="F990B21B-3240-2A42-C940-0EAC6327C7F9"/>
</indexColumnUsage>
</ind_PK_UK>
<ind_PK_UK id="A33083CB-24FE-E1EE-F0E6-E4EFEFD3A145" name="OPERACE_UCET_FK">
<createdBy>razbo</createdBy>
<createdTime>2022-12-05 20:20:59 UTC</createdTime>
<generatorID>9D0F3F27-847B-BA44-CAF3-2C4902B6888E</generatorID>
<ownerDesignName>semPraceDataBase</ownerDesignName>
<indexState>Foreign Key</indexState>
<isSurrogateKey>false</isSurrogateKey>
<indexColumnUsage>
<colUsage columnID="B54D63BD-82B8-45AD-DD5C-6A831AECC05C"/>
</indexColumnUsage>
</ind_PK_UK>
</indexes>
</Table>