<?xml version = '1.0' encoding = 'UTF-8'?>
<Relation class="oracle.dbtools.crest.model.design.logical.InheritanceRelation" name="Hierarchy_2" directorySegmentName="seg_0" id="2353A086-9ECA-D7E0-FC5D-75B66EF5F36E">
<createdBy>razbo</createdBy>
<createdTime>2022-11-08 21:14:05 UTC</createdTime>
<ownerDesignName>semPraceDataBase</ownerDesignName>
<engineerTo>
<item key="7C9AA4FC-4B9B-3C71-0151-FB2DD779BF25" value="true"/>
</engineerTo>
<identifying>false</identifying>
<nameOnSource>Super Type</nameOnSource>
<nameOnTarget>Sub Type</nameOnTarget>
<optionalSource>true</optionalSource>
<optionalTarget>true</optionalTarget>
<sourceEntity>EDC5B98B-05DB-E06C-4D71-C5B238AB231B</sourceEntity>
<targetEntity>9BFDE282-6745-B8C5-56DE-7783A1055E36</targetEntity>
<transferable>true</transferable>
<deleteRule>NO ACTION</deleteRule>
</Relation>