<?xml version = '1.0' encoding = 'UTF-8'?>
<Entity class="oracle.dbtools.crest.model.design.logical.Entity" directorySegmentName="seg_0" id="1025505E-6D4B-195C-2E8D-2E433F6FABE9" name="POBOCKA">
<createdBy>razbo</createdBy>
<createdTime>2022-11-08 21:35:56 UTC</createdTime>
<ownerDesignName>semPraceDataBase</ownerDesignName>
<engineerTo>
<item key="A76BF201-9F90-82F8-E936-E67C43A3A1AD" value="true"/>
</engineerTo>
<adequatelyNormalized>NO</adequatelyNormalized>
<expectedVolumes>0</expectedVolumes>
<fwdEngineeringStrategyName>Single Table</fwdEngineeringStrategyName>
<growthPercent>0</growthPercent>
<growthType>Year</growthType>
<maxVolumes>9999999</maxVolumes>
<minVolumes>0</minVolumes>
<normalForm>Third</normalForm>
<attributes itemClass="oracle.dbtools.crest.model.design.logical.Attribute">
<Attribute name="id_pobocka" id="F9C68AF4-FB03-DA60-C581-F1F4C9DA6FDC">
<createdBy>razbo</createdBy>
<createdTime>2022-11-08 21:36:03 UTC</createdTime>
<ownerDesignName>semPraceDataBase</ownerDesignName>
<engineerTo>
<item key="A76BF201-9F90-82F8-E936-E67C43A3A1AD" value="true"/>
</engineerTo>
<useDomainConstraints>false</useDomainConstraints>
<use>1</use>
<logicalDatatype>LOGDT019</logicalDatatype>
<ownDataTypeParameters>,,</ownDataTypeParameters>
</Attribute>
<Attribute name="nazev" id="237F9F83-38EE-635B-012C-4BB1822B7A18">
<createdBy>razbo</createdBy>
<createdTime>2022-11-08 21:36:34 UTC</createdTime>
<ownerDesignName>semPraceDataBase</ownerDesignName>
<engineerTo>
<item key="A76BF201-9F90-82F8-E936-E67C43A3A1AD" value="true"/>
</engineerTo>
<useDomainConstraints>false</useDomainConstraints>
<use>1</use>
<logicalDatatype>LOGDT024</logicalDatatype>
<dataTypeSize>32</dataTypeSize>
<ownDataTypeParameters>32,,</ownDataTypeParameters>
</Attribute>
<Attribute name="id_adres" id="FA443519-AB0A-CFE6-570E-2E29CD3155CF">
<createdBy>razbo</createdBy>
<createdTime>2022-11-08 21:40:03 UTC</createdTime>
<generatorID>13092609-A48B-7CD4-CA6A-795A91EB6954</generatorID>
<ownerDesignName>semPraceDataBase</ownerDesignName>
<engineerTo>
<item key="A76BF201-9F90-82F8-E936-E67C43A3A1AD" value="true"/>
</engineerTo>
<referedAttribute>1ED19FCE-4964-A14F-BE90-57928C755D2C</referedAttribute>
<useDomainConstraints>false</useDomainConstraints>
<use>1</use>
<logicalDatatype>LOGDT019</logicalDatatype>
<ownDataTypeParameters>,,</ownDataTypeParameters>
</Attribute>
<Attribute name="id_bank" id="E0BEC736-06D3-E5EC-4C21-45CB8B2EA5BB">
<createdBy>razbo</createdBy>
<createdTime>2022-11-12 14:39:49 UTC</createdTime>
<generatorID>2C29B580-6632-8488-4CAD-F1DCA0E14666</generatorID>
<ownerDesignName>semPraceDataBase</ownerDesignName>
<engineerTo>
<item key="A76BF201-9F90-82F8-E936-E67C43A3A1AD" value="true"/>
</engineerTo>
<referedAttribute>DF81F5D7-9A4A-3F76-5919-97DEF1CD693D</referedAttribute>
<useDomainConstraints>false</useDomainConstraints>
<use>1</use>
<logicalDatatype>LOGDT019</logicalDatatype>
<ownDataTypeParameters>,,</ownDataTypeParameters>
</Attribute>
<Attribute name="telefoni_cislo" id="4FA27E86-47F2-7BF8-D4BD-567ABD2599BE">
<createdBy>razbo</createdBy>
<createdTime>2022-11-20 21:21:16 UTC</createdTime>
<ownerDesignName>semPraceDataBase</ownerDesignName>
<engineerTo>
<item key="A76BF201-9F90-82F8-E936-E67C43A3A1AD" value="true"/>
</engineerTo>
<useDomainConstraints>false</useDomainConstraints>
<use>1</use>
<logicalDatatype>LOGDT024</logicalDatatype>
<dataTypeSize>20</dataTypeSize>
<ownDataTypeParameters>20,,</ownDataTypeParameters>
</Attribute>
<Attribute name="id_status" id="8B74CE46-6477-A850-AD78-C6B35A44D1B2">
<createdBy>razbo</createdBy>
<createdTime>2022-11-23 21:06:42 UTC</createdTime>
<generatorID>3ABE5479-AB9A-7BDD-FC77-0AEF526E24FE</generatorID>
<ownerDesignName>semPraceDataBase</ownerDesignName>
<engineerTo>
<item key="A76BF201-9F90-82F8-E936-E67C43A3A1AD" value="true"/>
</engineerTo>
<referedAttribute>0FD19A55-0E97-4D4E-EB36-0EF6F5527906</referedAttribute>
<useDomainConstraints>false</useDomainConstraints>
<use>1</use>
<logicalDatatype>LOGDT019</logicalDatatype>
<ownDataTypeParameters>,,</ownDataTypeParameters>
</Attribute>
</attributes>
<identifiers itemClass="oracle.dbtools.crest.model.design.logical.CandidateKey">
<identifier id="4F654F15-8199-2A8F-6C56-363B8C5430B6" name="POBOCKA PK">
<createdBy>razbo</createdBy>
<createdTime>2022-11-14 09:09:46 UTC</createdTime>
<ownerDesignName>semPraceDataBase</ownerDesignName>
<shouldEngineer>false</shouldEngineer>
<engineerTo>
<item key="A76BF201-9F90-82F8-E936-E67C43A3A1AD" value="false"/>
</engineerTo>
<pk>true</pk>
<usedAttributes>
<attributeRef>F9C68AF4-FB03-DA60-C581-F1F4C9DA6FDC</attributeRef>
</usedAttributes>
</identifier>
</identifiers>
</Entity>