<?xml version = '1.0' encoding = 'UTF-8'?>
<Entity class="oracle.dbtools.crest.model.design.logical.Entity" directorySegmentName="seg_0" id="9CFDAF25-D0B4-12DD-3776-B0BB4C2FEF29" name="SCHUZKA">
<createdBy>razbo</createdBy>
<createdTime>2022-11-20 21:39:01 UTC</createdTime>
<ownerDesignName>semPraceDataBase</ownerDesignName>
<engineerTo>
<item key="A76BF201-9F90-82F8-E936-E67C43A3A1AD" value="true"/>
</engineerTo>
<adequatelyNormalized>NO</adequatelyNormalized>
<expectedVolumes>0</expectedVolumes>
<fwdEngineeringStrategyName>Single Table</fwdEngineeringStrategyName>
<growthPercent>0</growthPercent>
<growthType>Year</growthType>
<maxVolumes>9999999</maxVolumes>
<minVolumes>0</minVolumes>
<normalForm>Third</normalForm>
<attributes itemClass="oracle.dbtools.crest.model.design.logical.Attribute">
<Attribute name="id_schuzka" id="07FDA67B-94EE-AEC2-948C-1982A6C3B8A4">
<createdBy>razbo</createdBy>
<createdTime>2022-11-20 21:39:32 UTC</createdTime>
<ownerDesignName>semPraceDataBase</ownerDesignName>
<engineerTo>
<item key="A76BF201-9F90-82F8-E936-E67C43A3A1AD" value="true"/>
</engineerTo>
<useDomainConstraints>false</useDomainConstraints>
<use>1</use>
<logicalDatatype>LOGDT019</logicalDatatype>
<ownDataTypeParameters>,,</ownDataTypeParameters>
</Attribute>
<Attribute name="datum" id="94502178-A5E2-6A60-30CD-EFD7134BE81A">
<createdBy>razbo</createdBy>
<createdTime>2022-11-20 21:39:52 UTC</createdTime>
<ownerDesignName>semPraceDataBase</ownerDesignName>
<engineerTo>
<item key="A76BF201-9F90-82F8-E936-E67C43A3A1AD" value="true"/>
</engineerTo>
<useDomainConstraints>false</useDomainConstraints>
<use>1</use>
<logicalDatatype>LOGDT007</logicalDatatype>
<ownDataTypeParameters>,,</ownDataTypeParameters>
</Attribute>
<Attribute name="id_pobocka" id="375422FD-3ADB-E7AF-3CE8-A438942F7E2B">
<createdBy>razbo</createdBy>
<createdTime>2022-11-20 21:52:46 UTC</createdTime>
<generatorID>3AAB583C-DB6B-A012-0376-C946567A5D0B</generatorID>
<ownerDesignName>semPraceDataBase</ownerDesignName>
<engineerTo>
<item key="A76BF201-9F90-82F8-E936-E67C43A3A1AD" value="true"/>
</engineerTo>
<referedAttribute>F9C68AF4-FB03-DA60-C581-F1F4C9DA6FDC</referedAttribute>
<useDomainConstraints>false</useDomainConstraints>
<use>1</use>
<logicalDatatype>LOGDT019</logicalDatatype>
<ownDataTypeParameters>,,</ownDataTypeParameters>
</Attribute>
<Attribute name="id_status" id="09CE2745-E23C-681A-C40B-CF297A23CBBD">
<createdBy>razbo</createdBy>
<createdTime>2022-11-23 21:21:39 UTC</createdTime>
<generatorID>AAA07851-19E2-55D4-D1D5-0A02FEE8529C</generatorID>
<ownerDesignName>semPraceDataBase</ownerDesignName>
<engineerTo>
<item key="A76BF201-9F90-82F8-E936-E67C43A3A1AD" value="true"/>
</engineerTo>
<referedAttribute>0FD19A55-0E97-4D4E-EB36-0EF6F5527906</referedAttribute>
<useDomainConstraints>false</useDomainConstraints>
<use>1</use>
<logicalDatatype>LOGDT019</logicalDatatype>
<ownDataTypeParameters>,,</ownDataTypeParameters>
</Attribute>
</attributes>
<identifiers itemClass="oracle.dbtools.crest.model.design.logical.CandidateKey">
<identifier id="45C56A0E-1FB3-6D23-D89B-D0601B4C52E2" name="SCHUZKA PK">
<createdBy>razbo</createdBy>
<createdTime>2022-11-20 21:39:38 UTC</createdTime>
<ownerDesignName>semPraceDataBase</ownerDesignName>
<engineerTo>
<item key="A76BF201-9F90-82F8-E936-E67C43A3A1AD" value="true"/>
</engineerTo>
<pk>true</pk>
<usedAttributes>
<attributeRef>07FDA67B-94EE-AEC2-948C-1982A6C3B8A4</attributeRef>
</usedAttributes>
</identifier>
</identifiers>
</Entity>