<?xml version = '1.0' encoding = 'UTF-8'?>
<Entity class="oracle.dbtools.crest.model.design.logical.Entity" directorySegmentName="seg_0" id="B4A71E2F-6D49-864D-099D-6F19965F374C" name="BANKOMAT">
<createdBy>razbo</createdBy>
<createdTime>2022-11-08 21:25:57 UTC</createdTime>
<ownerDesignName>semPraceDataBase</ownerDesignName>
<engineerTo>
<item key="A76BF201-9F90-82F8-E936-E67C43A3A1AD" value="true"/>
</engineerTo>
<adequatelyNormalized>NO</adequatelyNormalized>
<expectedVolumes>0</expectedVolumes>
<fwdEngineeringStrategyName>Single Table</fwdEngineeringStrategyName>
<growthPercent>0</growthPercent>
<growthType>Year</growthType>
<maxVolumes>9999999</maxVolumes>
<minVolumes>0</minVolumes>
<normalForm>Third</normalForm>
<attributes itemClass="oracle.dbtools.crest.model.design.logical.Attribute">
<Attribute name="id_bankomat" id="ADE02185-9972-9C39-3DBC-A9381A41F3CF">
<createdBy>razbo</createdBy>
<createdTime>2022-11-08 21:26:09 UTC</createdTime>
<ownerDesignName>semPraceDataBase</ownerDesignName>
<engineerTo>
<item key="A76BF201-9F90-82F8-E936-E67C43A3A1AD" value="true"/>
</engineerTo>
<useDomainConstraints>false</useDomainConstraints>
<use>1</use>
<logicalDatatype>LOGDT019</logicalDatatype>
<ownDataTypeParameters>,,</ownDataTypeParameters>
</Attribute>
<Attribute name="id_adres" id="9DA76AC8-F860-3ECA-303C-F19D1B958FA2">
<createdBy>razbo</createdBy>
<createdTime>2022-11-08 22:27:26 UTC</createdTime>
<generatorID>64DF5D5E-6F11-7260-41B9-0FBE1DA2CFCB</generatorID>
<ownerDesignName>semPraceDataBase</ownerDesignName>
<engineerTo>
<item key="A76BF201-9F90-82F8-E936-E67C43A3A1AD" value="true"/>
</engineerTo>
<referedAttribute>1ED19FCE-4964-A14F-BE90-57928C755D2C</referedAttribute>
<useDomainConstraints>false</useDomainConstraints>
<use>1</use>
<logicalDatatype>LOGDT019</logicalDatatype>
<ownDataTypeParameters>,,</ownDataTypeParameters>
</Attribute>
<Attribute name="id_bank" id="173E7ED8-2A73-4D10-D480-67E7E4256C6B">
<createdBy>razbo</createdBy>
<createdTime>2022-11-12 14:42:36 UTC</createdTime>
<generatorID>11E69B56-1AB2-92E8-A1AA-69EA078FC613</generatorID>
<ownerDesignName>semPraceDataBase</ownerDesignName>
<engineerTo>
<item key="A76BF201-9F90-82F8-E936-E67C43A3A1AD" value="true"/>
</engineerTo>
<referedAttribute>DF81F5D7-9A4A-3F76-5919-97DEF1CD693D</referedAttribute>
<useDomainConstraints>false</useDomainConstraints>
<use>1</use>
<logicalDatatype>LOGDT019</logicalDatatype>
<ownDataTypeParameters>,,</ownDataTypeParameters>
</Attribute>
<Attribute name="nazev" id="BD917E4E-BC1D-5E30-2F18-B0CB5AA0E4BD">
<createdBy>razbo</createdBy>
<createdTime>2022-11-12 14:43:10 UTC</createdTime>
<ownerDesignName>semPraceDataBase</ownerDesignName>
<engineerTo>
<item key="A76BF201-9F90-82F8-E936-E67C43A3A1AD" value="true"/>
</engineerTo>
<useDomainConstraints>false</useDomainConstraints>
<use>1</use>
<logicalDatatype>LOGDT024</logicalDatatype>
<dataTypeSize>32</dataTypeSize>
<ownDataTypeParameters>32,,</ownDataTypeParameters>
</Attribute>
<Attribute name="id_status" id="DCBA9071-20C3-8F51-1BDD-CE824B8E0252">
<createdBy>razbo</createdBy>
<createdTime>2022-11-23 21:27:52 UTC</createdTime>
<generatorID>3AD819A1-C1EF-F714-1676-B0C707712F66</generatorID>
<ownerDesignName>semPraceDataBase</ownerDesignName>
<engineerTo>
<item key="A76BF201-9F90-82F8-E936-E67C43A3A1AD" value="true"/>
</engineerTo>
<referedAttribute>0FD19A55-0E97-4D4E-EB36-0EF6F5527906</referedAttribute>
<useDomainConstraints>false</useDomainConstraints>
<use>1</use>
<logicalDatatype>LOGDT019</logicalDatatype>
<ownDataTypeParameters>,,</ownDataTypeParameters>
</Attribute>
</attributes>
<identifiers itemClass="oracle.dbtools.crest.model.design.logical.CandidateKey">
<identifier id="086EFCDA-85C2-1C55-27F4-8B49E9562BB8" name="BANKOMAT PK">
<createdBy>razbo</createdBy>
<createdTime>2022-11-08 21:26:25 UTC</createdTime>
<ownerDesignName>semPraceDataBase</ownerDesignName>
<engineerTo>
<item key="A76BF201-9F90-82F8-E936-E67C43A3A1AD" value="true"/>
</engineerTo>
<pk>true</pk>
<usedAttributes>
<attributeRef>ADE02185-9972-9C39-3DBC-A9381A41F3CF</attributeRef>
</usedAttributes>
</identifier>
</identifiers>
</Entity>