<?xml version = '1.0' encoding = 'UTF-8'?>
<Entity class="oracle.dbtools.crest.model.design.logical.Entity" directorySegmentName="seg_0" id="BF3EDEF1-0743-8F11-2A37-3EA90AA99E74" name="ZAMESTNANEC">
<createdBy>razbo</createdBy>
<createdTime>2022-10-23 16:07:11 UTC</createdTime>
<ownerDesignName>semPraceDataBase</ownerDesignName>
<engineerTo>
<item key="A76BF201-9F90-82F8-E936-E67C43A3A1AD" value="true"/>
</engineerTo>
<adequatelyNormalized>NO</adequatelyNormalized>
<expectedVolumes>0</expectedVolumes>
<fwdEngineeringStrategyName>Single Table</fwdEngineeringStrategyName>
<growthPercent>0</growthPercent>
<growthType>Year</growthType>
<maxVolumes>9999999</maxVolumes>
<minVolumes>0</minVolumes>
<normalForm>Third</normalForm>
<attributes itemClass="oracle.dbtools.crest.model.design.logical.Attribute">
<Attribute name="id_zamestnanec" id="8C93F709-BA40-5F61-2F81-243B7BAC8762">
<createdBy>razbo</createdBy>
<createdTime>2022-11-06 15:34:50 UTC</createdTime>
<ownerDesignName>semPraceDataBase</ownerDesignName>
<engineerTo>
<item key="A76BF201-9F90-82F8-E936-E67C43A3A1AD" value="true"/>
</engineerTo>
<useDomainConstraints>false</useDomainConstraints>
<use>1</use>
<logicalDatatype>LOGDT019</logicalDatatype>
<ownDataTypeParameters>,,</ownDataTypeParameters>
</Attribute>
<Attribute name="jmeno" id="FB893DD2-69FF-BCDE-E8B0-FC2304C45BA9">
<createdBy>razbo</createdBy>
<createdTime>2022-11-06 15:35:21 UTC</createdTime>
<ownerDesignName>semPraceDataBase</ownerDesignName>
<engineerTo>
<item key="A76BF201-9F90-82F8-E936-E67C43A3A1AD" value="true"/>
</engineerTo>
<useDomainConstraints>false</useDomainConstraints>
<use>1</use>
<logicalDatatype>LOGDT024</logicalDatatype>
<dataTypeSize>32</dataTypeSize>
<ownDataTypeParameters>32,,</ownDataTypeParameters>
</Attribute>
<Attribute name="prijmeni" id="A3DE6E4D-7840-BB6F-3F16-A68625B26370">
<createdBy>razbo</createdBy>
<createdTime>2022-11-06 15:38:24 UTC</createdTime>
<ownerDesignName>semPraceDataBase</ownerDesignName>
<engineerTo>
<item key="A76BF201-9F90-82F8-E936-E67C43A3A1AD" value="true"/>
</engineerTo>
<useDomainConstraints>false</useDomainConstraints>
<use>1</use>
<logicalDatatype>LOGDT024</logicalDatatype>
<dataTypeSize>32</dataTypeSize>
<ownDataTypeParameters>32,,</ownDataTypeParameters>
</Attribute>
<Attribute name="mzda" id="BCCD2577-6531-BEC7-3F73-5ACD4C5C3CAC">
<createdBy>razbo</createdBy>
<createdTime>2022-11-06 15:40:47 UTC</createdTime>
<ownerDesignName>semPraceDataBase</ownerDesignName>
<engineerTo>
<item key="A76BF201-9F90-82F8-E936-E67C43A3A1AD" value="true"/>
</engineerTo>
<useDomainConstraints>false</useDomainConstraints>
<use>1</use>
<logicalDatatype>LOGDT019</logicalDatatype>
<ownDataTypeParameters>,,</ownDataTypeParameters>
</Attribute>
<Attribute name="funkce" id="CFD4A1EF-724B-998F-816B-3A7293531348">
<createdBy>razbo</createdBy>
<createdTime>2022-11-06 15:42:33 UTC</createdTime>
<ownerDesignName>semPraceDataBase</ownerDesignName>
<engineerTo>
<item key="A76BF201-9F90-82F8-E936-E67C43A3A1AD" value="true"/>
</engineerTo>
<useDomainConstraints>false</useDomainConstraints>
<use>1</use>
<logicalDatatype>LOGDT024</logicalDatatype>
<dataTypeSize>32</dataTypeSize>
<ownDataTypeParameters>32,,</ownDataTypeParameters>
</Attribute>
<Attribute name="telefoni_cislo" id="3110367C-CF95-3C51-4180-618B0E061D80">
<createdBy>razbo</createdBy>
<createdTime>2022-11-20 21:22:01 UTC</createdTime>
<ownerDesignName>semPraceDataBase</ownerDesignName>
<engineerTo>
<item key="A76BF201-9F90-82F8-E936-E67C43A3A1AD" value="true"/>
</engineerTo>
<useDomainConstraints>false</useDomainConstraints>
<use>1</use>
<logicalDatatype>LOGDT024</logicalDatatype>
<dataTypeSize>20</dataTypeSize>
<ownDataTypeParameters>20,,</ownDataTypeParameters>
</Attribute>
<Attribute name="id_adres" id="B5E21B1A-266C-08D6-FDFB-42E9FBBCE4BE">
<createdBy>razbo</createdBy>
<createdTime>2022-11-06 16:45:46 UTC</createdTime>
<generatorID>5535D4DA-4EEE-61DF-111B-DA8C6C109184</generatorID>
<ownerDesignName>semPraceDataBase</ownerDesignName>
<engineerTo>
<item key="A76BF201-9F90-82F8-E936-E67C43A3A1AD" value="true"/>
</engineerTo>
<referedAttribute>1ED19FCE-4964-A14F-BE90-57928C755D2C</referedAttribute>
<useDomainConstraints>false</useDomainConstraints>
<use>1</use>
<logicalDatatype>LOGDT019</logicalDatatype>
<ownDataTypeParameters>,,</ownDataTypeParameters>
</Attribute>
<Attribute name="id_bank" id="65FF4FD7-5025-0F65-F57E-0BFFD382977A">
<createdBy>razbo</createdBy>
<createdTime>2022-11-12 14:45:37 UTC</createdTime>
<generatorID>B72EDCDA-D777-90D8-7E64-49A1876D88C5</generatorID>
<ownerDesignName>semPraceDataBase</ownerDesignName>
<engineerTo>
<item key="A76BF201-9F90-82F8-E936-E67C43A3A1AD" value="true"/>
</engineerTo>
<referedAttribute>DF81F5D7-9A4A-3F76-5919-97DEF1CD693D</referedAttribute>
<useDomainConstraints>false</useDomainConstraints>
<use>1</use>
<logicalDatatype>LOGDT019</logicalDatatype>
<ownDataTypeParameters>,,</ownDataTypeParameters>
</Attribute>
<Attribute name="id_status" id="0DAC4C03-5AF6-35FC-E74F-FDDBAE9E9DD7">
<createdBy>razbo</createdBy>
<createdTime>2022-11-23 21:15:50 UTC</createdTime>
<generatorID>6DDF393A-1FDB-561F-3A18-DD285EDD704B</generatorID>
<ownerDesignName>semPraceDataBase</ownerDesignName>
<engineerTo>
<item key="A76BF201-9F90-82F8-E936-E67C43A3A1AD" value="true"/>
</engineerTo>
<referedAttribute>0FD19A55-0E97-4D4E-EB36-0EF6F5527906</referedAttribute>
<useDomainConstraints>false</useDomainConstraints>
<use>1</use>
<logicalDatatype>LOGDT019</logicalDatatype>
<ownDataTypeParameters>,,</ownDataTypeParameters>
</Attribute>
<Attribute name="id_pobocka" id="9C029A31-B637-64CC-9A54-68C876D4F1AD">
<createdBy>razbo</createdBy>
<createdTime>2022-12-05 20:53:35 UTC</createdTime>
<generatorID>490FDC69-0737-17F4-67B9-3D5364EF5B0E</generatorID>
<ownerDesignName>semPraceDataBase</ownerDesignName>
<engineerTo>
<item key="A76BF201-9F90-82F8-E936-E67C43A3A1AD" value="true"/>
</engineerTo>
<referedAttribute>F9C68AF4-FB03-DA60-C581-F1F4C9DA6FDC</referedAttribute>
<useDomainConstraints>false</useDomainConstraints>
<use>1</use>
<logicalDatatype>LOGDT019</logicalDatatype>
<ownDataTypeParameters>,,</ownDataTypeParameters>
</Attribute>
</attributes>
<identifiers itemClass="oracle.dbtools.crest.model.design.logical.CandidateKey">
<identifier id="7EF54A53-4F81-0429-10BA-9DC3A7EEE328" name="ZAMESTNANEC PK">
<createdBy>razbo</createdBy>
<createdTime>2022-11-06 15:35:12 UTC</createdTime>
<ownerDesignName>semPraceDataBase</ownerDesignName>
<shouldEngineer>false</shouldEngineer>
<engineerTo>
<item key="A76BF201-9F90-82F8-E936-E67C43A3A1AD" value="false"/>
</engineerTo>
<pk>true</pk>
<usedAttributes>
<attributeRef>8C93F709-BA40-5F61-2F81-243B7BAC8762</attributeRef>
</usedAttributes>
</identifier>
</identifiers>
</Entity>