<?xml version = '1.0' encoding = 'UTF-8'?>
<relationalModel class="oracle.dbtools.crest.model.design.relational.RelationalDesign" name="Relational_1" id="44584E67-266B-A7F3-8EBA-3830F0BA47A2" mainViewID="523DCBC5-6ADA-9280-22A3-F324D6691EB7">
<createdBy>razbo</createdBy>
<createdTime>2023-11-02 17:42:16 UTC</createdTime>
<ownerDesignName>semPraceDataBase</ownerDesignName>
<shouldBeOpen>true</shouldBeOpen>
<selectedRDBMSSite>32076570-2523-435C-2E92-BF29817DFF70</selectedRDBMSSite>
</relationalModel>
