<?xml version = '1.0' encoding = 'UTF-8'?>
<Table class="oracle.dbtools.crest.model.design.relational.Table" directorySegmentName="seg_0" id="2167AC6D-FE7F-0A53-390D-DA017C9CC421" name="Zustatek">
<createdBy>razbo</createdBy>
<createdTime>2023-11-02 17:42:24 UTC</createdTime>
<generatorID>5B7DE47A-3F8C-3E05-FECF-B6D3EFDF2D02</generatorID>
<ownerDesignName>semPraceDataBase</ownerDesignName>
<allowColumnReorder>false</allowColumnReorder>
<existDependencyGenerateInDDl>true</existDependencyGenerateInDDl>
<parsed>true</parsed>
<columns itemClass="oracle.dbtools.crest.model.design.relational.Column">
<Column name="id_zustatek" id="5822BA71-0B1F-90F0-0F64-3B02E7F9EE09">
<createdBy>razbo</createdBy>
<createdTime>2023-11-02 17:42:24 UTC</createdTime>
<generatorID>5A550E4B-7011-3F90-AE2C-40E3857EADD8</generatorID>
<ownerDesignName>semPraceDataBase</ownerDesignName>
<useDomainConstraints>false</useDomainConstraints>
<use>1</use>
<logicalDatatype>LOGDT019</logicalDatatype>
<ownDataTypeParameters>,,</ownDataTypeParameters>
<autoIncrementCycle>false</autoIncrementCycle>
</Column>
<Column name="blokovane_castka" id="4A1400FE-5520-0F00-8532-E8B86E8C01C1">
<createdBy>razbo</createdBy>
<createdTime>2023-11-02 17:42:24 UTC</createdTime>
<generatorID>18039925-07DA-0D41-D528-EC1429208E8B</generatorID>
<ownerDesignName>semPraceDataBase</ownerDesignName>
<useDomainConstraints>false</useDomainConstraints>
<use>1</use>
<logicalDatatype>LOGDT019</logicalDatatype>
<ownDataTypeParameters>,,</ownDataTypeParameters>
<autoIncrementCycle>false</autoIncrementCycle>
</Column>
<Column name="volna_castka" id="BDCF50B2-64C3-48E1-BA62-E5F9B84617BB">
<createdBy>razbo</createdBy>
<createdTime>2023-11-02 17:42:24 UTC</createdTime>
<generatorID>FFE8A0F7-C917-8B21-168C-5986588862D0</generatorID>
<ownerDesignName>semPraceDataBase</ownerDesignName>
<useDomainConstraints>false</useDomainConstraints>
<use>1</use>
<logicalDatatype>LOGDT019</logicalDatatype>
<ownDataTypeParameters>,,</ownDataTypeParameters>
<autoIncrementCycle>false</autoIncrementCycle>
</Column>
<Column name="date" id="7C98E50C-1B44-DC73-2FD6-7922F1E6AE3E">
<createdBy>razbo</createdBy>
<createdTime>2023-11-02 17:42:24 UTC</createdTime>
<generatorID>824C07A8-6ACA-8339-4F1F-206C6D9F4079</generatorID>
<ownerDesignName>semPraceDataBase</ownerDesignName>
<useDomainConstraints>false</useDomainConstraints>
<use>1</use>
<logicalDatatype>LOGDT007</logicalDatatype>
<ownDataTypeParameters>,,</ownDataTypeParameters>
<autoIncrementCycle>false</autoIncrementCycle>
</Column>
<Column name="UCET_id_ucet" id="1E237C41-20CB-87A9-8861-6AA730163A9F">
<createdBy>razbo</createdBy>
<createdTime>2023-11-02 17:42:24 UTC</createdTime>
<generatorID>6EDB5874-80BE-9DAD-6A34-E46946E5A537</generatorID>
<ownerDesignName>semPraceDataBase</ownerDesignName>
<useDomainConstraints>false</useDomainConstraints>
<use>1</use>
<logicalDatatype>LOGDT019</logicalDatatype>
<ownDataTypeParameters>,,</ownDataTypeParameters>
<previousColumn>false</previousColumn>
<autoIncrementCycle>false</autoIncrementCycle>
<associations>
<colAssociation fkAssociation="380E2BBD-E40D-573D-D9BC-208478019FDD" referredColumn="B6CDBCE0-2A58-7AD1-F75A-06BEB67A05C3"/>
</associations>
</Column>
</columns>
<indexes itemClass="oracle.dbtools.crest.model.design.relational.Index">
<ind_PK_UK id="40A38DD3-4214-FCBF-4AE9-B753D81AB7CD" name="Zustatek_PK">
<createdBy>razbo</createdBy>
<createdTime>2023-11-02 17:42:24 UTC</createdTime>
<generatorID>0F718C4A-F72C-5CFF-5B67-1C2D64D0D4C9</generatorID>
<ownerDesignName>semPraceDataBase</ownerDesignName>
<pk>true</pk>
<indexState>Primary Constraint</indexState>
<isSurrogateKey>false</isSurrogateKey>
<indexColumnUsage>
<colUsage columnID="5822BA71-0B1F-90F0-0F64-3B02E7F9EE09"/>
</indexColumnUsage>
</ind_PK_UK>
<ind_PK_UK id="96C55B92-646A-4B52-F80F-E830ABF00278" name="Zustatek_ID_IDX">
<createdBy>Relaiz</createdBy>
<createdTime>2023-11-05 15:46:56 UTC</createdTime>
<ownerDesignName>semPraceDataBase</ownerDesignName>
<isSurrogateKey>false</isSurrogateKey>
<indexColumnUsage>
<colUsage columnID="5822BA71-0B1F-90F0-0F64-3B02E7F9EE09"/>
</indexColumnUsage>
</ind_PK_UK>
<ind_PK_UK id="8C334916-53EE-868C-DE1B-411D17141AB1" name="Zustatek_UCET_IDX">
<createdBy>Relaiz</createdBy>
<createdTime>2023-11-05 15:46:56 UTC</createdTime>
<ownerDesignName>semPraceDataBase</ownerDesignName>
<isSurrogateKey>false</isSurrogateKey>
<indexColumnUsage>
<colUsage columnID="1E237C41-20CB-87A9-8861-6AA730163A9F"/>
</indexColumnUsage>
</ind_PK_UK>
<ind_PK_UK id="191B6824-B7A5-AEBB-00F9-C710711B401E" name="Zustatek_UCET_FK">
<createdBy>razbo</createdBy>
<createdTime>2023-11-02 17:42:24 UTC</createdTime>
<generatorID>B21C59BA-31BC-A2E8-14C0-9C7408CBE789</generatorID>
<ownerDesignName>semPraceDataBase</ownerDesignName>
<indexState>Foreign Key</indexState>
<isSurrogateKey>false</isSurrogateKey>
<indexColumnUsage>
<colUsage columnID="1E237C41-20CB-87A9-8861-6AA730163A9F"/>
</indexColumnUsage>
</ind_PK_UK>
</indexes>
</Table>
