<?xml version = '1.0' encoding = 'UTF-8'?>
<relationalModel class="oracle.dbtools.crest.model.design.relational.RelationalDesign" name="Relational_1" id="A76BF201-9F90-82F8-E936-E67C43A3A1AD" mainViewID="DC06D8CF-518B-7403-51AA-49AEE2BC0B90">
<createdBy>razbo</createdBy>
<createdTime>2022-12-05 20:20:55 UTC</createdTime>
<ownerDesignName>semPraceDataBase</ownerDesignName>
<shouldBeOpen>true</shouldBeOpen>
<selectedRDBMSSite>32076570-2523-435C-2E92-BF29817DFF70</selectedRDBMSSite>
</relationalModel>